{"type":"FeatureCollection","features":[{"type":"Feature","geometry":{"type":"Polygon","coordinates":[[[-0.8206513,53.4403777],[-0.8205336,53.4398444],[-0.8193996,53.4371392],[-0.8189355,53.4361791],[-0.818111,53.4350257],[-0.8165584,53.4331514],[-0.8161207,53.4322176],[-0.8162274,53.4314133],[-0.8166646,53.4303578],[-0.8176635,53.4285833],[-0.818041,53.4277277],[-0.8180348,53.4268108],[-0.8176098,53.4261827],[-0.8160748,53.4249873],[-0.8124851,53.4227313],[-0.811627,53.4220953],[-0.8093634,53.4202211],[-0.8079891,53.4193201],[-0.8056977,53.4180208],[-0.80363,53.4171192],[-0.7991269,53.4158218],[-0.7970584,53.415063],[-0.7957078,53.41467],[-0.7943007,53.4145237],[-0.7925399,53.4147504],[-0.7909185,53.4152608],[-0.789566,53.4154682],[-0.7888362,53.4153628],[-0.7883779,53.4147604],[-0.7885989,53.4138646],[-0.7889965,53.4134291],[-0.7905037,53.4125383],[-0.7911842,53.4117289],[-0.7914038,53.4110399],[-0.7913555,53.4103544],[-0.7907897,53.4088215],[-0.788131,53.4043359],[-0.7872208,53.4032309],[-0.7867155,53.402806],[-0.78426,53.4011917],[-0.780167,53.3994672],[-0.778804,53.3986919],[-0.7775874,53.3974255],[-0.7770849,53.3966463],[-0.7769125,53.3957879],[-0.7771152,53.3939616],[-0.7769531,53.3931644],[-0.7763433,53.3914583],[-0.7765554,53.3904609],[-0.7771771,53.3897562],[-0.7787806,53.388738],[-0.781989,53.3873298],[-0.7835929,53.3868194],[-0.7848197,53.3865595],[-0.7862499,53.3864455],[-0.7893208,53.3865315],[-0.7902907,53.3862096],[-0.7902607,53.385518],[-0.7892324,53.3849854],[-0.7867564,53.3842851],[-0.7844003,53.3838665],[-0.7825828,53.3831729],[-0.7807007,53.3820058],[-0.7772045,53.3794037],[-0.7754969,53.3782985],[-0.7752655,53.3776642],[-0.7755683,53.3773787],[-0.7767307,53.3771039],[-0.779723,53.3768127],[-0.7819245,53.3762616],[-0.7836012,53.3757655],[-0.7855576,53.3748963],[-0.7863122,53.3742595],[-0.7880207,53.3714219],[-0.7888921,53.3703763],[-0.7903878,53.3690413],[-0.7907783,53.3685733],[-0.7907791,53.3676969],[-0.7901472,53.3663412],[-0.790127,53.3655706],[-0.7911707,53.3637384],[-0.7909313,53.3632748],[-0.7901173,53.3629403],[-0.7871971,53.3627399],[-0.785902,53.362519],[-0.7833106,53.3616971],[-0.7820426,53.3613705],[-0.7806837,53.3612298],[-0.7793915,53.3615915],[-0.7786318,53.3621986],[-0.7778983,53.3633606],[-0.7774447,53.3638252],[-0.7759929,53.3644054],[-0.774745,53.364478],[-0.7739896,53.3642482],[-0.7730804,53.3636743],[-0.7700086,53.3602313],[-0.7665886,53.356639],[-0.7649424,53.3555792],[-0.7638675,53.3552346],[-0.7622319,53.3549021],[-0.7608074,53.3548028],[-0.7594921,53.3544629],[-0.758733,53.353957],[-0.7583958,53.3532586],[-0.7585215,53.3527583],[-0.7590938,53.3518815],[-0.7599785,53.3513711],[-0.7612972,53.3510225],[-0.7622163,53.3506195],[-0.7629451,53.3500949],[-0.7634603,53.3494746],[-0.7643347,53.3480175],[-0.7648014,53.3465247],[-0.7645874,53.3454581],[-0.7634698,53.34442],[-0.7627193,53.3440365],[-0.7606403,53.3432634],[-0.7592215,53.3426194],[-0.7576968,53.3416426],[-0.7570036,53.3409459],[-0.7566756,53.3398296],[-0.7571227,53.338965],[-0.7577592,53.3383559],[-0.7592988,53.3373157],[-0.7600097,53.3365733],[-0.7602724,53.3359585],[-0.7606814,53.3337631],[-0.7611628,53.3331128],[-0.7626589,53.3323723],[-0.7647337,53.3319246],[-0.766146,53.3310672],[-0.7664912,53.3302896],[-0.7662655,53.3296832],[-0.7650797,53.3287837],[-0.7634688,53.3279427],[-0.7628101,53.3274567],[-0.7620416,53.3266191],[-0.7614455,53.3257364],[-0.7607779,53.3250454],[-0.7598142,53.3245715],[-0.7578714,53.3244129],[-0.753383,53.3252093],[-0.7522116,53.3251152],[-0.7501821,53.3243812],[-0.7497334,53.3237553],[-0.749846,53.3231407],[-0.7504186,53.3225543],[-0.752177,53.3216711],[-0.7529812,53.3211195],[-0.7536858,53.3202279],[-0.753908,53.3190931],[-0.75382,53.3173725],[-0.7540266,53.3143525],[-0.7540032,53.3134542],[-0.7536978,53.311725],[-0.7532946,53.3104165],[-0.7524801,53.3091648],[-0.7482595,53.3058323],[-0.7475049,53.3050549],[-0.7471527,53.304421],[-0.7473085,53.303815],[-0.7480394,53.3031475],[-0.7485479,53.3021802],[-0.748621,53.3014753],[-0.74837,53.3011284],[-0.7489792,53.299746],[-0.7495354,53.2973975],[-0.7496926,53.2961766],[-0.7501166,53.2946564],[-0.7507321,53.2937711],[-0.7513704,53.2933355],[-0.752478,53.2929121],[-0.7546597,53.2926454],[-0.7562522,53.2925694],[-0.7575911,53.2927029],[-0.7584415,53.2931271],[-0.7588114,53.2936164],[-0.758983,53.2944766],[-0.7586047,53.2956755],[-0.7585964,53.296995],[-0.7592114,53.2984001],[-0.7602971,53.2992546],[-0.7614087,53.2995745],[-0.7625962,53.2996066],[-0.7639617,53.2991911],[-0.7646999,53.2985182],[-0.7649689,53.2976715],[-0.7646091,53.2965154],[-0.7646114,53.2952398],[-0.7648993,53.2943097],[-0.765366,53.2934722],[-0.7669088,53.2918431],[-0.7681253,53.2908067],[-0.7705857,53.2892382],[-0.7740049,53.2871852],[-0.7771514,53.2850035],[-0.7781687,53.2837302],[-0.7781994,53.28313],[-0.77787,53.2822142],[-0.7768733,53.2813977],[-0.7753172,53.2805313],[-0.774477,53.2796489],[-0.7732652,53.2780229],[-0.7721195,53.2772344],[-0.7701022,53.2760891],[-0.7670164,53.2747115],[-0.7657626,53.2743489],[-0.764649,53.2736505],[-0.7643239,53.2730665],[-0.7643836,53.2720899],[-0.764819,53.2711335],[-0.7657052,53.2699902],[-0.7672385,53.26845],[-0.768698,53.2667095],[-0.7707252,53.2640435],[-0.772087,53.2625599],[-0.7725849,53.2618764],[-0.7730994,53.2607122],[-0.7731198,53.2591609],[-0.7729986,53.2585259],[-0.7722614,53.2584086],[-0.7716668,53.2578137],[-0.7718557,53.2558757],[-0.7725543,53.2558227],[-0.7722812,53.2553614],[-0.7705205,53.2539265],[-0.7701336,53.2532016],[-0.7708753,53.252687],[-0.7716139,53.2525436],[-0.774092,53.2525808],[-0.7764984,53.2527673],[-0.7776697,53.2525851],[-0.7784877,53.2519687],[-0.7783713,53.2509509],[-0.7770447,53.2490126],[-0.7767456,53.2483587],[-0.7770754,53.2468843],[-0.7762676,53.2467268],[-0.7726947,53.2467799],[-0.7717026,53.2466205],[-0.7710505,53.2467297],[-0.771054,53.2461365],[-0.766966,53.2461257],[-0.7607536,53.2456199],[-0.7603676,53.2451835],[-0.759146,53.2452409],[-0.7523284,53.2445288],[-0.7495655,53.2443543],[-0.7471271,53.2443098],[-0.7405782,53.2436448],[-0.7384171,53.2435977],[-0.7350843,53.24385],[-0.7348658,53.2476511],[-0.7341802,53.2490453],[-0.7344839,53.2501326],[-0.7350387,53.2510375],[-0.7348229,53.2530173],[-0.7341515,53.2539802],[-0.7316637,53.2543673],[-0.7269237,53.2554377],[-0.7255446,53.255289],[-0.7221396,53.2559682],[-0.7210917,53.2563713],[-0.7204329,53.256847],[-0.7191361,53.2572043],[-0.7182653,53.2572993],[-0.7129761,53.2581134],[-0.7108651,53.2581238],[-0.7084003,53.2582302],[-0.6960474,53.2584355],[-0.6949487,53.2584316],[-0.6935243,53.2578973],[-0.6916252,53.2578423],[-0.6907596,53.2576638],[-0.6880278,53.2583674],[-0.6837495,53.2547469],[-0.6829945,53.253756],[-0.6827466,53.2531887],[-0.6823529,53.2515132],[-0.6806106,53.2519686],[-0.6755554,53.2475824],[-0.6741335,53.2464078],[-0.6700379,53.2428185],[-0.6665779,53.2396785],[-0.6671153,53.2387811],[-0.666962,53.2384072],[-0.666934,53.2371861],[-0.6671537,53.236482],[-0.6666369,53.2358991],[-0.6664071,53.2352915],[-0.6665437,53.2347051],[-0.6662631,53.2340916],[-0.6666165,53.2332272],[-0.667681,53.2325166],[-0.6689197,53.2311395],[-0.6691676,53.2305364],[-0.6691274,53.2298518],[-0.6701444,53.2292798],[-0.6701834,53.2285017],[-0.6711687,53.2281288],[-0.6710548,53.2275037],[-0.6714788,53.2259038],[-0.6721905,53.2250739],[-0.6729741,53.2244408],[-0.6731467,53.2237505],[-0.6747363,53.2225753],[-0.6747664,53.2214061],[-0.6750902,53.2208631],[-0.6749269,53.220526],[-0.6761833,53.2182009],[-0.6758732,53.2176203],[-0.6801727,53.2185112],[-0.6846548,53.219359],[-0.6866842,53.219607],[-0.6867675,53.2199208],[-0.6896744,53.2200742],[-0.6971594,53.2202542],[-0.6976266,53.2201092],[-0.7018794,53.2169175],[-0.7082603,53.2122072],[-0.7090118,53.2122674],[-0.7132919,53.2088087],[-0.7147541,53.207584],[-0.7203135,53.2092979],[-0.7224606,53.2094045],[-0.7222534,53.2097762],[-0.7238134,53.2100887],[-0.7244142,53.2096241],[-0.7255525,53.2098151],[-0.7265731,53.2101901],[-0.728701,53.2103396],[-0.7305702,53.2107326],[-0.7320515,53.2092489],[-0.7340636,53.2070778],[-0.7367128,53.204365],[-0.7402416,53.200847],[-0.7424866,53.1984139],[-0.744204,53.196813],[-0.7457579,53.1954783],[-0.7483704,53.1930489],[-0.7510983,53.1906036],[-0.7537683,53.1881325],[-0.7554688,53.1881233],[-0.7616892,53.1883724],[-0.7621696,53.1882156],[-0.7623742,53.1864108],[-0.7627562,53.1852542],[-0.7634589,53.1840282],[-0.7640207,53.1825516],[-0.7641401,53.18152],[-0.7628823,53.1814971],[-0.7592252,53.1812837],[-0.7577876,53.1811141],[-0.7555644,53.1810451],[-0.7520249,53.1810126],[-0.7482083,53.1804718],[-0.7464597,53.1802934],[-0.7422978,53.1797497],[-0.7372766,53.1792678],[-0.7327375,53.1796466],[-0.730268,53.1800716],[-0.7299884,53.179505],[-0.7296496,53.1782114],[-0.7284269,53.1783197],[-0.72639,53.1783339],[-0.7259304,53.1784414],[-0.7230143,53.1779301],[-0.7181622,53.177264],[-0.7186622,53.1770554],[-0.7187396,53.1752089],[-0.7175812,53.1730632],[-0.7163754,53.1713063],[-0.7160303,53.1703883],[-0.7168583,53.16846],[-0.7183447,53.1654169],[-0.7198255,53.1621516],[-0.721656,53.1583372],[-0.7218748,53.1577669],[-0.7232347,53.1550802],[-0.7231097,53.1542527],[-0.7226921,53.1535102],[-0.7220959,53.1517805],[-0.722066,53.1497152],[-0.7212377,53.1482536],[-0.7210511,53.1442666],[-0.7195857,53.1429644],[-0.7186759,53.1419873],[-0.717347,53.1398722],[-0.7171585,53.1389208],[-0.7153783,53.1368592],[-0.7189379,53.1357415],[-0.7197733,53.1352974],[-0.721892,53.1344742],[-0.7236094,53.1335173],[-0.7240032,53.1333957],[-0.7280867,53.1303613],[-0.7298155,53.1292633],[-0.7300305,53.1292718],[-0.7324105,53.127778],[-0.732094,53.1268037],[-0.7310723,53.1262247],[-0.7311895,53.1243282],[-0.7310951,53.1239793],[-0.728158,53.1231893],[-0.7277684,53.122821],[-0.7276899,53.1221891],[-0.7266205,53.1218172],[-0.7207691,53.1208421],[-0.7201984,53.1202858],[-0.7185632,53.1195454],[-0.7168859,53.1194204],[-0.7167486,53.116553],[-0.7167911,53.1159781],[-0.717691,53.1132028],[-0.7183741,53.1103281],[-0.7193657,53.1079781],[-0.7201905,53.1065621],[-0.7212541,53.1042443],[-0.724029,53.1018892],[-0.7254824,53.1007253],[-0.7296214,53.0978785],[-0.7289787,53.0961222],[-0.7268662,53.0942244],[-0.7251305,53.0930237],[-0.7228842,53.091573],[-0.7192427,53.0893862],[-0.7173729,53.0881893],[-0.7153964,53.087172],[-0.7153943,53.0864878],[-0.7146711,53.086507],[-0.7115634,53.0862235],[-0.7094212,53.0859584],[-0.7096049,53.0852089],[-0.7084608,53.0847245],[-0.7074687,53.0840476],[-0.7061533,53.0833546],[-0.7066776,53.0829468],[-0.708163,53.0824029],[-0.708598,53.0819842],[-0.7089127,53.0811462],[-0.7098229,53.0804153],[-0.7103622,53.079354],[-0.7083148,53.0788257],[-0.7074809,53.0787061],[-0.7061535,53.0780174],[-0.7047554,53.0775483],[-0.7027647,53.0766303],[-0.6990115,53.075453],[-0.6985779,53.0754258],[-0.6987593,53.0746574],[-0.6979487,53.0746584],[-0.6985994,53.0737702],[-0.6984231,53.073281],[-0.6977192,53.0727654],[-0.6980698,53.0722262],[-0.6975294,53.071983],[-0.6975479,53.071469],[-0.6982471,53.0707521],[-0.6986972,53.0692881],[-0.698817,53.068136],[-0.6986976,53.0676439],[-0.6975916,53.0660127],[-0.6953046,53.0670206],[-0.6952173,53.0661045],[-0.6972194,53.064991],[-0.698482,53.0650408],[-0.6994604,53.0646164],[-0.700665,53.0637638],[-0.7017087,53.0636449],[-0.702766,53.0642686],[-0.7042803,53.0643336],[-0.7042684,53.0650266],[-0.7057021,53.065391],[-0.7076055,53.0653721],[-0.7092805,53.0656034],[-0.7099386,53.0659539],[-0.7114495,53.0661851],[-0.7121016,53.0658389],[-0.7128476,53.0660978],[-0.7135689,53.06588],[-0.7143937,53.0652955],[-0.7150631,53.0653693],[-0.7159332,53.0645166],[-0.7153223,53.0638313],[-0.714178,53.0637191],[-0.7137062,53.0621228],[-0.7131924,53.0619384],[-0.712944,53.0610592],[-0.7136688,53.0605744],[-0.7136467,53.0603144],[-0.715464,53.0592166],[-0.7166092,53.0590447],[-0.717845,53.059538],[-0.7188945,53.0593695],[-0.7198042,53.0598908],[-0.7211541,53.0597058],[-0.722202,53.0599481],[-0.7233757,53.0595651],[-0.7235885,53.0592815],[-0.7232636,53.0587638],[-0.7241261,53.0588126],[-0.7245611,53.0584343],[-0.7249615,53.0570515],[-0.7255934,53.056269],[-0.7264852,53.056488],[-0.7278179,53.0555161],[-0.7281915,53.0557988],[-0.7291065,53.0550777],[-0.7302255,53.0549773],[-0.7300296,53.054585],[-0.7310788,53.054322],[-0.7324448,53.0552086],[-0.7336344,53.0555494],[-0.7342544,53.0548089],[-0.734971,53.0549487],[-0.7364118,53.0546602],[-0.736966,53.0548917],[-0.7380533,53.0547531],[-0.7385677,53.0552233],[-0.7391362,53.0549668],[-0.7388295,53.054586],[-0.7396178,53.0540568],[-0.7397389,53.0537443],[-0.7411028,53.0536311],[-0.741963,53.0540142],[-0.7428377,53.0546167],[-0.7436772,53.0543272],[-0.7452428,53.0541045],[-0.7467337,53.0542452],[-0.7483175,53.0549388],[-0.7495559,53.0550921],[-0.7505304,53.0529214],[-0.7552647,53.044883],[-0.7558606,53.0439768],[-0.7559544,53.043362],[-0.7565484,53.0412763],[-0.7563528,53.0407636],[-0.7566517,53.0399676],[-0.7567984,53.0388598],[-0.7571556,53.0377964],[-0.7568134,53.0375079],[-0.7567738,53.0366049],[-0.7578221,53.0364531],[-0.7588589,53.0351461],[-0.7589463,53.0338651],[-0.7584162,53.0324374],[-0.7586537,53.0319571],[-0.7600099,53.0301122],[-0.7610693,53.0292566],[-0.7639337,53.0286868],[-0.7708138,53.0271606],[-0.7719777,53.0267123],[-0.7737849,53.0256073],[-0.7749939,53.0252961],[-0.7766781,53.0246869],[-0.7781505,53.0246597],[-0.7804143,53.0243773],[-0.7850754,53.0252143],[-0.7861129,53.0257544],[-0.7884189,53.0258291],[-0.7932748,53.0158487],[-0.7947395,53.0127163],[-0.7958306,53.0105734],[-0.7977242,53.0107651],[-0.8004906,53.0115689],[-0.8020368,53.0120879],[-0.8036501,53.0129303],[-0.8043152,53.0121108],[-0.8040883,53.0114766],[-0.8040692,53.0101189],[-0.80432,53.0089195],[-0.8042634,53.0075148],[-0.8040658,53.0063603],[-0.8026216,53.0063602],[-0.8025158,53.0053361],[-0.8018364,53.0050631],[-0.8005271,53.0038022],[-0.8003236,53.0023258],[-0.8000305,53.0020397],[-0.7979551,53.0011629],[-0.7958646,53.0005691],[-0.7945746,52.9995887],[-0.7939324,52.9985187],[-0.7938275,52.9978416],[-0.7918969,52.9974499],[-0.7925686,52.9958592],[-0.7915914,52.9954789],[-0.7915182,52.9950053],[-0.7905718,52.9945876],[-0.7904189,52.9939819],[-0.7896913,52.9936257],[-0.788863,52.9936218],[-0.7873303,52.9931818],[-0.7881006,52.991745],[-0.7870192,52.9910993],[-0.7856643,52.9904823],[-0.7844648,52.9901203],[-0.7845418,52.9885434],[-0.7821356,52.9884487],[-0.7822096,52.9875657],[-0.781692,52.9874301],[-0.7810076,52.9867632],[-0.7809105,52.9864027],[-0.7801639,52.9864148],[-0.7803114,52.9850903],[-0.7795809,52.9849525],[-0.7784625,52.9836743],[-0.7775598,52.9837819],[-0.7774279,52.982967],[-0.7774839,52.9816676],[-0.7768582,52.9814068],[-0.7776741,52.9803643],[-0.7770851,52.9800175],[-0.7776042,52.979568],[-0.7767942,52.9789807],[-0.7776533,52.9784106],[-0.7770008,52.9778348],[-0.7782849,52.9769011],[-0.7775564,52.9766212],[-0.7772838,52.9760125],[-0.7782295,52.9750113],[-0.7771143,52.9745562],[-0.7775349,52.9739486],[-0.7776782,52.9720421],[-0.7778794,52.9711851],[-0.7776814,52.968968],[-0.7777652,52.9666846],[-0.7783041,52.9653129],[-0.7781075,52.9629376],[-0.7782235,52.9624949],[-0.7792626,52.9613108],[-0.7779179,52.9608012],[-0.7784646,52.960096],[-0.7784413,52.9592922],[-0.7764237,52.9591136],[-0.7743173,52.9580895],[-0.7736792,52.9584831],[-0.7717746,52.9574512],[-0.7686409,52.9563017],[-0.7668044,52.9558062],[-0.7645437,52.9549147],[-0.7629765,52.9540719],[-0.7600051,52.952691],[-0.7594745,52.9528245],[-0.756953,52.9509714],[-0.7553175,52.9513574],[-0.7554733,52.9505168],[-0.7549559,52.9495346],[-0.7554996,52.9489704],[-0.7554301,52.9479501],[-0.7558264,52.9477547],[-0.7555122,52.9471104],[-0.7571657,52.946645],[-0.7579287,52.9462997],[-0.7571625,52.9455887],[-0.7574437,52.945461],[-0.7568791,52.9446731],[-0.7580001,52.9434146],[-0.7591437,52.9419351],[-0.7599267,52.940469],[-0.7600801,52.9396291],[-0.760988,52.9374891],[-0.7620916,52.9359449],[-0.7616326,52.9353186],[-0.762051,52.9338162],[-0.7629187,52.9325567],[-0.7652534,52.9298778],[-0.7659271,52.9286097],[-0.7661426,52.9270687],[-0.7655188,52.9258591],[-0.7649934,52.9252662],[-0.7629209,52.9237759],[-0.7633941,52.9235508],[-0.7665818,52.9229245],[-0.7674892,52.9224427],[-0.7667428,52.9214693],[-0.7684408,52.9206028],[-0.7684763,52.9198745],[-0.7694498,52.9195858],[-0.7687152,52.9174112],[-0.7695009,52.9171006],[-0.7688828,52.9162591],[-0.7692376,52.9161606],[-0.7705346,52.9144457],[-0.7709493,52.9140347],[-0.771622,52.9128167],[-0.7722469,52.9120621],[-0.7725264,52.9103274],[-0.7730244,52.9090205],[-0.7740552,52.908114],[-0.7744583,52.9075804],[-0.7752583,52.9059442],[-0.7756417,52.9055301],[-0.7768641,52.9047849],[-0.7738058,52.9025122],[-0.7700138,52.9036929],[-0.768794,52.90193],[-0.7639714,52.9031178],[-0.7637278,52.9024284],[-0.7637001,52.9010509],[-0.7617779,52.9013078],[-0.7617186,52.9004657],[-0.7591148,52.9006929],[-0.7584731,52.900466],[-0.7588884,52.8997215],[-0.7587093,52.8994328],[-0.7595693,52.8989393],[-0.7599535,52.8980299],[-0.7608529,52.8971978],[-0.7615824,52.8956987],[-0.7625422,52.8950938],[-0.7624586,52.8945302],[-0.7631442,52.894309],[-0.7639933,52.8936211],[-0.7643357,52.8925578],[-0.7635705,52.8919707],[-0.7639311,52.8914732],[-0.7640079,52.8906222],[-0.7646419,52.8904762],[-0.7653956,52.8895769],[-0.7664097,52.887988],[-0.7665707,52.8867782],[-0.7660303,52.8864818],[-0.7616658,52.8845314],[-0.7604501,52.8851597],[-0.7594542,52.8845893],[-0.7577607,52.8842524],[-0.7569954,52.8858608],[-0.7522409,52.884467],[-0.7502574,52.8839823],[-0.7477399,52.8829507],[-0.7455368,52.8827683],[-0.7427279,52.8831333],[-0.7414141,52.8816962],[-0.7401097,52.8793774],[-0.7393306,52.8771891],[-0.7382727,52.8759579],[-0.7369192,52.8741617],[-0.7361151,52.8729422],[-0.7359283,52.8723154],[-0.7363741,52.8712899],[-0.7361556,52.8700677],[-0.7357569,52.8694728],[-0.7348746,52.8687523],[-0.734166,52.8678313],[-0.7338346,52.8671194],[-0.7316059,52.8645353],[-0.7309602,52.8641625],[-0.7302974,52.8633562],[-0.728832,52.8619084],[-0.7245976,52.858801],[-0.7231367,52.8572103],[-0.7218466,52.8559783],[-0.7193547,52.8545049],[-0.7134079,52.8490386],[-0.7090335,52.8445734],[-0.7082243,52.8434714],[-0.7065472,52.8403489],[-0.7064719,52.8391865],[-0.705316,52.8369687],[-0.7048281,52.8357012],[-0.7041238,52.8346758],[-0.7036601,52.8336486],[-0.7017659,52.8309596],[-0.700193,52.8288549],[-0.6989465,52.8266603],[-0.6978761,52.8254268],[-0.6956113,52.8235419],[-0.6936171,52.8224879],[-0.6918436,52.8214516],[-0.6901999,52.8201012],[-0.68898,52.8192148],[-0.6879263,52.8182322],[-0.6865046,52.8162656],[-0.6849495,52.8149898],[-0.68369,52.8135572],[-0.6822564,52.8121415],[-0.6819707,52.8114344],[-0.682183,52.8106924],[-0.6812387,52.8090979],[-0.6806378,52.8071898],[-0.6810043,52.8062068],[-0.6811119,52.8050509],[-0.6814024,52.804423],[-0.6826017,52.7997363],[-0.6832589,52.7960011],[-0.6831155,52.7946599],[-0.6820186,52.7923337],[-0.681593,52.7911063],[-0.6803986,52.7909798],[-0.678477,52.7902814],[-0.6773019,52.7899591],[-0.6775024,52.7883359],[-0.6741185,52.7877452],[-0.6745588,52.7855044],[-0.6769678,52.7856707],[-0.6765094,52.7842613],[-0.6761297,52.7825058],[-0.6755701,52.7812562],[-0.6756973,52.7798012],[-0.6755483,52.7793366],[-0.6756688,52.7775174],[-0.6743643,52.7767315],[-0.6739216,52.7745167],[-0.6733767,52.7728861],[-0.6727663,52.7714148],[-0.6713608,52.7688899],[-0.6695195,52.7662738],[-0.6685372,52.7632979],[-0.6685024,52.7627877],[-0.6677163,52.7612551],[-0.6658339,52.758838],[-0.6652419,52.757891],[-0.6641111,52.7566907],[-0.6636904,52.7567785],[-0.6626101,52.7554718],[-0.6615808,52.7557442],[-0.659314,52.7561691],[-0.658062,52.7565019],[-0.6569387,52.7566501],[-0.6528883,52.756811],[-0.6506002,52.757007],[-0.6482913,52.7569646],[-0.6450876,52.7572517],[-0.6441964,52.7571282],[-0.64236,52.7570919],[-0.6395812,52.7571509],[-0.6343591,52.7574829],[-0.6314173,52.7575892],[-0.6285731,52.7579358],[-0.6276967,52.7576712],[-0.6253276,52.7581751],[-0.6230602,52.758931],[-0.6192427,52.7590268],[-0.6155054,52.7593069],[-0.6120359,52.7597806],[-0.6102985,52.7597989],[-0.6086036,52.759691],[-0.6076744,52.7570432],[-0.6063402,52.7528831],[-0.6054541,52.7504705],[-0.6041351,52.750481],[-0.6031535,52.7506897],[-0.6015289,52.7508513],[-0.5987043,52.7510094],[-0.5977202,52.7509708],[-0.5947346,52.7516188],[-0.5933751,52.7521043],[-0.5918051,52.7530036],[-0.5895762,52.7537521],[-0.5870829,52.753735],[-0.5846717,52.753886],[-0.5834577,52.7538545],[-0.5822175,52.7535789],[-0.5817235,52.7531856],[-0.5805193,52.7528556],[-0.5792942,52.7529812],[-0.5739823,52.7529795],[-0.5726468,52.7530866],[-0.5722528,52.752493],[-0.5715097,52.7504756],[-0.5716075,52.7498888],[-0.5714607,52.7478516],[-0.5695178,52.7475091],[-0.5690218,52.746596],[-0.5672786,52.7458107],[-0.5665482,52.7451789],[-0.5657674,52.7449114],[-0.5622984,52.7452551],[-0.5608747,52.7455705],[-0.558981,52.7451322],[-0.5568876,52.744285],[-0.5554191,52.7433546],[-0.5532721,52.7425193],[-0.5524793,52.7423496],[-0.550929,52.7417463],[-0.5495567,52.7414985],[-0.5479639,52.7410169],[-0.5451699,52.7397357],[-0.5428645,52.7390853],[-0.5410552,52.7387052],[-0.5399848,52.7383792],[-0.5388725,52.7349222],[-0.5387844,52.7342774],[-0.539144,52.7327355],[-0.5395309,52.7317063],[-0.5401666,52.7294792],[-0.5404888,52.728701],[-0.5413513,52.7276166],[-0.5419668,52.7271],[-0.5420378,52.7266594],[-0.5428333,52.7260291],[-0.5430045,52.7252005],[-0.5424444,52.7232589],[-0.540129,52.7232457],[-0.5383629,52.7230109],[-0.5361465,52.7223857],[-0.5350004,52.7219885],[-0.533508,52.7216329],[-0.5320354,52.7214376],[-0.5281347,52.7212373],[-0.5260721,52.7211946],[-0.5250141,52.720954],[-0.5239825,52.7209439],[-0.5208757,52.7211299],[-0.5188872,52.720955],[-0.5163318,52.7202065],[-0.5155217,52.7201712],[-0.5126519,52.7196578],[-0.5117769,52.7192216],[-0.5106657,52.7188966],[-0.5109911,52.7181248],[-0.5107795,52.7168608],[-0.5098722,52.7153318],[-0.5069722,52.7159336],[-0.5063081,52.7151773],[-0.5057319,52.7135823],[-0.5048787,52.7134682],[-0.5024657,52.7121269],[-0.5003399,52.712172],[-0.4993892,52.7119648],[-0.4975217,52.7112534],[-0.4954664,52.7106709],[-0.4945415,52.7096306],[-0.4932526,52.7102616],[-0.4896052,52.7110342],[-0.4875832,52.7108169],[-0.4859973,52.7108317],[-0.4830908,52.7106355],[-0.4811207,52.7109285],[-0.4793819,52.7108711],[-0.4777931,52.7106287],[-0.4743306,52.7102471],[-0.4718617,52.7099024],[-0.4689434,52.7097101],[-0.4675444,52.709799],[-0.4655563,52.710266],[-0.4648484,52.7095996],[-0.464562,52.7090313],[-0.4633868,52.7083526],[-0.4625174,52.7081561],[-0.4608857,52.7080855],[-0.4594749,52.7083836],[-0.4577935,52.7094299],[-0.4570942,52.709659],[-0.4549106,52.7095802],[-0.4530423,52.7092511],[-0.4511027,52.7095575],[-0.4505431,52.708011],[-0.4465358,52.707937],[-0.4439683,52.7080022],[-0.4446892,52.7067126],[-0.4447328,52.7061503],[-0.4361363,52.7068078],[-0.4352217,52.7065547],[-0.4336403,52.7058677],[-0.4304541,52.7053994],[-0.4297373,52.7032663],[-0.4293206,52.7027924],[-0.4287075,52.7026395],[-0.4283756,52.7013297],[-0.42872,52.7003129],[-0.4290271,52.6986016],[-0.4289318,52.6980421],[-0.4292971,52.6969357],[-0.429814,52.6960165],[-0.4305267,52.6940094],[-0.4303791,52.6928854],[-0.4308671,52.6919847],[-0.4325316,52.6907076],[-0.4322448,52.6892968],[-0.4323006,52.6874913],[-0.4330741,52.68593],[-0.4331885,52.6854604],[-0.4343767,52.6856613],[-0.4348989,52.6847107],[-0.4348504,52.6844125],[-0.4340658,52.6836829],[-0.4354894,52.6834239],[-0.4380315,52.683078],[-0.438479,52.6829329],[-0.4402478,52.6817415],[-0.440414,52.6812708],[-0.441339,52.6804693],[-0.4423619,52.6802427],[-0.4439879,52.6796518],[-0.4447446,52.6792113],[-0.4463627,52.6785915],[-0.4473492,52.6777216],[-0.447692,52.677148],[-0.4493267,52.6752598],[-0.450626,52.6743229],[-0.4515404,52.6738116],[-0.4540976,52.6727248],[-0.4562024,52.6703715],[-0.457601,52.6701757],[-0.4575432,52.6698828],[-0.4594956,52.6695414],[-0.4594616,52.6690788],[-0.4616068,52.6691399],[-0.4621853,52.6688804],[-0.4626075,52.6691602],[-0.4660806,52.6688438],[-0.4686129,52.6684522],[-0.4711335,52.6679246],[-0.4734632,52.6676571],[-0.4736766,52.667516],[-0.4763899,52.6673576],[-0.4765396,52.6670511],[-0.4804212,52.6665489],[-0.4804276,52.6663647],[-0.4816061,52.6660256],[-0.4823967,52.6656141],[-0.4876953,52.6649239],[-0.4902789,52.664403],[-0.4906201,52.6650142],[-0.4947227,52.6646133],[-0.4938769,52.660698],[-0.49668,52.6604063],[-0.5002773,52.6604959],[-0.5017058,52.6606632],[-0.5045779,52.6603839],[-0.5053082,52.6607761],[-0.50639,52.6604041],[-0.5066852,52.659507],[-0.5079191,52.6600053],[-0.510158,52.6613002],[-0.5102957,52.6614692],[-0.5171031,52.6653647],[-0.5174279,52.6654245],[-0.5190283,52.6665072],[-0.5197043,52.6662396],[-0.5206409,52.6664842],[-0.5213009,52.6662101],[-0.5218693,52.6657119],[-0.5218395,52.6653681],[-0.523597,52.6652147],[-0.5208799,52.6626033],[-0.5166616,52.6591432],[-0.5140881,52.656768],[-0.512012,52.6564318],[-0.5116955,52.655999],[-0.5120348,52.6549316],[-0.5127523,52.6550044],[-0.5104155,52.6519857],[-0.5078299,52.6492533],[-0.5064724,52.6481808],[-0.5050361,52.6482535],[-0.5043077,52.6478532],[-0.503886,52.6467825],[-0.5048571,52.6466536],[-0.5040001,52.6458669],[-0.5023499,52.6445865],[-0.4986816,52.6420739],[-0.4950371,52.6402179],[-0.4926633,52.6409509],[-0.4922739,52.6413164],[-0.4913563,52.6416113],[-0.4917943,52.6418974],[-0.4907497,52.6423174],[-0.4892096,52.6434324],[-0.4883537,52.6437353],[-0.4872771,52.6435822],[-0.4866177,52.6437598],[-0.4861797,52.6435592],[-0.4856416,52.6442464],[-0.4855685,52.6452928],[-0.4844667,52.6459099],[-0.4839717,52.646033],[-0.483444,52.645425],[-0.482373,52.6454606],[-0.4752559,52.6450365],[-0.4759653,52.6454223],[-0.4760122,52.6459426],[-0.4751786,52.6461126],[-0.4745253,52.6466634],[-0.4758427,52.6486933],[-0.4678909,52.6498494],[-0.4640157,52.6500807],[-0.4599953,52.6502353],[-0.4567974,52.6500795],[-0.4548513,52.6497646],[-0.4529763,52.649261],[-0.4528281,52.6508809],[-0.452706,52.6542562],[-0.45134,52.6538778],[-0.4502589,52.654057],[-0.4492462,52.6533883],[-0.4489787,52.6530099],[-0.4480713,52.6528344],[-0.4474234,52.6530966],[-0.4442333,52.6527149],[-0.4432502,52.6526732],[-0.4423022,52.6522265],[-0.4408871,52.6522762],[-0.4404649,52.6515136],[-0.4388531,52.6508199],[-0.4373091,52.6497594],[-0.4363228,52.6498507],[-0.4362722,52.6501934],[-0.4354394,52.6502481],[-0.4343058,52.6498285],[-0.4330405,52.6490422],[-0.4321439,52.6482769],[-0.4317985,52.6482634],[-0.4303148,52.648954],[-0.4282283,52.6490576],[-0.4272796,52.6485541],[-0.4265802,52.6487642],[-0.4254541,52.6485101],[-0.4253654,52.6478094],[-0.4250474,52.6475697],[-0.4242431,52.6478215],[-0.4231058,52.6479592],[-0.4209609,52.646894],[-0.4198123,52.6470181],[-0.4191546,52.6467719],[-0.417313,52.6467662],[-0.4166633,52.6475245],[-0.412849,52.6483572],[-0.4119566,52.6481816],[-0.411428,52.6478787],[-0.4104239,52.6477691],[-0.4090296,52.6480246],[-0.4082941,52.6479239],[-0.4076624,52.6481015],[-0.4058925,52.6479941],[-0.4046998,52.6485562],[-0.4033436,52.648697],[-0.4023907,52.6489638],[-0.4011638,52.6495307],[-0.4002529,52.6494996],[-0.3986938,52.6505789],[-0.3984716,52.6510785],[-0.3977257,52.651464],[-0.3968311,52.6521963],[-0.3959757,52.6525453],[-0.395688,52.6533389],[-0.3938327,52.653739],[-0.393115,52.6540799],[-0.3923005,52.6537955],[-0.3912757,52.6537636],[-0.3910536,52.6540133],[-0.3900992,52.6538358],[-0.389115,52.6539447],[-0.3875358,52.654433],[-0.3862273,52.6549573],[-0.3854791,52.654841],[-0.3847082,52.6544178],[-0.3843848,52.6546481],[-0.3846546,52.6551885],[-0.3838162,52.6554333],[-0.382856,52.6559722],[-0.382404,52.6560425],[-0.3805153,52.6555797],[-0.3794963,52.6561088],[-0.3787189,52.6561027],[-0.3772841,52.6556416],[-0.3769794,52.6564421],[-0.3765712,52.6569265],[-0.3757158,52.6571872],[-0.3756232,52.6578108],[-0.3748282,52.6578376],[-0.3746703,52.6574723],[-0.3728893,52.6574937],[-0.3726817,52.6577498],[-0.3711346,52.6584019],[-0.3704269,52.6582672],[-0.3700547,52.6588932],[-0.3695708,52.6591824],[-0.366238,52.6600571],[-0.3656,52.6597984],[-0.3646928,52.6601365],[-0.3638282,52.6602459],[-0.3609667,52.6595438],[-0.3591594,52.6600312],[-0.3584102,52.659939],[-0.3567808,52.6594642],[-0.3563621,52.6599061],[-0.3564105,52.6603105],[-0.3556161,52.6608335],[-0.3551114,52.6605298],[-0.3541422,52.6611403],[-0.3526487,52.6614163],[-0.3524271,52.6617252],[-0.3513565,52.6616887],[-0.3508959,52.6614323],[-0.3499656,52.6617529],[-0.3501975,52.6620331],[-0.3499565,52.6627391],[-0.3494891,52.6630967],[-0.3465566,52.6631026],[-0.3459426,52.6636991],[-0.3448153,52.6641805],[-0.3441095,52.6654456],[-0.343372,52.6650801],[-0.3430881,52.6657055],[-0.3411299,52.6654012],[-0.339852,52.6661862],[-0.3399209,52.6668282],[-0.3396775,52.6671619],[-0.3389466,52.667131],[-0.3382726,52.6675135],[-0.3376067,52.6681866],[-0.3365638,52.6684282],[-0.3361805,52.6688229],[-0.3369609,52.6700808],[-0.3370352,52.6707346],[-0.3360561,52.6715129],[-0.3371394,52.6719624],[-0.3373009,52.6724241],[-0.3360054,52.672966],[-0.3362583,52.6740943],[-0.3357751,52.6746261],[-0.3350495,52.6748442],[-0.3344754,52.6746537],[-0.3331262,52.6748154],[-0.332256,52.6744031],[-0.3317077,52.6737678],[-0.3305075,52.6738264],[-0.3289039,52.6736375],[-0.3274832,52.674201],[-0.3265311,52.67388],[-0.3253734,52.6742934],[-0.323873,52.6743495],[-0.3228872,52.6741747],[-0.3224906,52.673831],[-0.3206701,52.6736713],[-0.3195298,52.6742854],[-0.3200335,52.6747267],[-0.3207032,52.6742741],[-0.3210835,52.6745402],[-0.3208486,52.6750709],[-0.3195552,52.6750877],[-0.3171639,52.674615],[-0.3144452,52.6742716],[-0.3099847,52.6734593],[-0.306203,52.6725295],[-0.3049171,52.6721236],[-0.3035361,52.6718862],[-0.2999492,52.6710158],[-0.2971257,52.6705248],[-0.2949918,52.6694521],[-0.2940727,52.6692807],[-0.2934086,52.6694347],[-0.2921235,52.6701903],[-0.2912154,52.6704173],[-0.2892533,52.6702541],[-0.288367,52.6696947],[-0.2879637,52.6689642],[-0.2872145,52.6681937],[-0.2859855,52.6677398],[-0.2825455,52.6672162],[-0.2808652,52.666469],[-0.2792376,52.6660399],[-0.2787682,52.6656411],[-0.2789955,52.6647489],[-0.2778008,52.6632787],[-0.276334,52.6627116],[-0.2760366,52.6618513],[-0.2748923,52.6606821],[-0.2733689,52.6595657],[-0.2727568,52.6594156],[-0.2712113,52.6596125],[-0.2706895,52.6595698],[-0.2701011,52.6590811],[-0.269985,52.6574152],[-0.2690155,52.6563581],[-0.2674957,52.6558315],[-0.2665069,52.6548892],[-0.2658839,52.6545672],[-0.2645675,52.6542459],[-0.2637247,52.6538002],[-0.2637509,52.6529536],[-0.2625637,52.6519832],[-0.2619908,52.6516691],[-0.2608704,52.6514036],[-0.2600174,52.6514765],[-0.2589462,52.6519085],[-0.2586776,52.6516234],[-0.2576192,52.6521183],[-0.2569159,52.6529612],[-0.2555807,52.6536356],[-0.2509917,52.6555244],[-0.2491119,52.656393],[-0.245882,52.6575581],[-0.2437786,52.6584287],[-0.2424892,52.6588726],[-0.2388633,52.6605018],[-0.2383628,52.6601878],[-0.237029,52.6608144],[-0.2317294,52.6628672],[-0.2300885,52.6636231],[-0.2282897,52.664115],[-0.2260693,52.664828],[-0.2245124,52.6654412],[-0.220447,52.6666462],[-0.218706,52.6669814],[-0.2173883,52.6670902],[-0.2149091,52.6669243],[-0.2125154,52.6666572],[-0.2096677,52.6669675],[-0.2060518,52.6680511],[-0.205591,52.6672781],[-0.2055333,52.6668097],[-0.2045879,52.6660248],[-0.2030886,52.6650824],[-0.20191,52.6635684],[-0.2004487,52.6612356],[-0.199972,52.6607446],[-0.1991943,52.659396],[-0.1980399,52.6578796],[-0.1973801,52.6565634],[-0.1965764,52.655466],[-0.1955807,52.6553526],[-0.1928823,52.6524164],[-0.1904328,52.6524482],[-0.1874327,52.6547103],[-0.1826591,52.658443],[-0.1800348,52.660539],[-0.1758505,52.659572],[-0.1712538,52.6584654],[-0.1709809,52.6585054],[-0.1637898,52.6567738],[-0.1560546,52.6549679],[-0.1547637,52.6546206],[-0.1499121,52.6534822],[-0.1470444,52.652844],[-0.1422746,52.651702],[-0.1410774,52.6514855],[-0.1401499,52.6534516],[-0.1402807,52.6540965],[-0.1394372,52.6548808],[-0.1388548,52.6550515],[-0.1368561,52.6551855],[-0.1370327,52.6555182],[-0.1347712,52.6561624],[-0.1339436,52.6567095],[-0.1326685,52.6571758],[-0.1298353,52.65919],[-0.1281732,52.6597473],[-0.1265503,52.6599734],[-0.1247342,52.6611207],[-0.1239076,52.6613629],[-0.1231618,52.6619607],[-0.1196552,52.6637663],[-0.1174774,52.664718],[-0.11594,52.6661492],[-0.1147153,52.6670126],[-0.113011,52.6679538],[-0.1118919,52.66839],[-0.1087683,52.6694515],[-0.1059025,52.6706717],[-0.1045893,52.6714194],[-0.1022119,52.6721842],[-0.1015997,52.6719416],[-0.0993208,52.6703316],[-0.0971094,52.6701694],[-0.0955856,52.6693285],[-0.0952765,52.6688866],[-0.094338,52.6681576],[-0.0914835,52.6669383],[-0.0903863,52.6666635],[-0.0889362,52.6668865],[-0.0876631,52.6667796],[-0.0849895,52.6681939],[-0.0843552,52.6687303],[-0.0832255,52.6690969],[-0.08054,52.6704398],[-0.07955,52.6707546],[-0.07597,52.6715138],[-0.074627,52.6720522],[-0.0729336,52.6719473],[-0.0720239,52.6720503],[-0.0701213,52.6714565],[-0.0690499,52.6714364],[-0.0669893,52.6720124],[-0.0656376,52.6719408],[-0.0650773,52.6723021],[-0.0642085,52.6741886],[-0.0640506,52.6750186],[-0.0636384,52.6752061],[-0.0595059,52.6746647],[-0.0580398,52.6740697],[-0.0518258,52.6716795],[-0.0510336,52.6712997],[-0.0494737,52.6707912],[-0.0481846,52.6701783],[-0.0449419,52.6691682],[-0.0419416,52.6680299],[-0.0405214,52.6671792],[-0.0385431,52.6667068],[-0.0325209,52.6655227],[-0.0321195,52.6653389],[-0.0312874,52.6615111],[-0.0208579,52.6621348],[-0.0052783,52.6630946],[-0.0029968,52.6632198],[0.0124247,52.6641646],[0.0206572,52.664706],[0.0222286,52.6651746],[0.0362668,52.6738103],[0.0380132,52.6749122],[0.0431061,52.6780182],[0.0485504,52.6813795],[0.0489822,52.6819745],[0.0486901,52.6834783],[0.0495993,52.6860862],[0.0491333,52.686908],[0.0491306,52.6879249],[0.0493229,52.6886823],[0.0491204,52.6894464],[0.0476193,52.6906017],[0.0449653,52.6919134],[0.0446056,52.6922586],[0.0446024,52.6928557],[0.0452005,52.6937472],[0.0448789,52.6943075],[0.0447884,52.6952522],[0.0452702,52.6972013],[0.0458918,52.6977714],[0.0455092,52.6989891],[0.044535,52.700217],[0.0443841,52.7006611],[0.0452198,52.7014091],[0.0453151,52.7025304],[0.0450319,52.7031197],[0.0454417,52.7049208],[0.0451908,52.7056004],[0.0452682,52.7064649],[0.0452358,52.7089695],[0.0449933,52.7094484],[0.0448274,52.7108404],[0.0450937,52.7119758],[0.0445661,52.7129137],[0.0441348,52.7143597],[0.0457707,52.7149906],[0.0462845,52.7154025],[0.0465186,52.7164513],[0.0471189,52.7171288],[0.0480039,52.7187625],[0.0504746,52.7196665],[0.0522504,52.7206536],[0.0532958,52.7211255],[0.0545579,52.7215136],[0.0571681,52.7230157],[0.0588546,52.7244574],[0.059967,52.7249973],[0.061951,52.7252389],[0.0630142,52.7259594],[0.0631449,52.7270649],[0.06389,52.7274134],[0.0647809,52.7273052],[0.0679589,52.726331],[0.070693,52.7258058],[0.0725754,52.7255283],[0.0748668,52.7247564],[0.076026,52.7244996],[0.0785002,52.7244302],[0.0814945,52.7245845],[0.0837003,52.7244127],[0.0875344,52.7235477],[0.0889974,52.7236073],[0.0900843,52.724009],[0.0916352,52.7251936],[0.0929087,52.7268291],[0.094188,52.7281228],[0.0952311,52.72875],[0.0970992,52.7293769],[0.0986538,52.7302611],[0.0996449,52.7304512],[0.1007605,52.7303964],[0.101623,52.7300386],[0.1025866,52.7298417],[0.1046448,52.7304453],[0.1054705,52.7304612],[0.1076268,52.730119],[0.1110913,52.7297562],[0.1121922,52.7299182],[0.1136712,52.7299674],[0.1140255,52.7303719],[0.1139946,52.731081],[0.1146137,52.731907],[0.1153101,52.7322785],[0.1167823,52.7327045],[0.1182827,52.7328575],[0.1194401,52.7328081],[0.1217939,52.7340014],[0.1270827,52.7370607],[0.1293282,52.7384554],[0.1307803,52.7383412],[0.1321856,52.7390281],[0.1331669,52.7392838],[0.1364645,52.7388899],[0.1385477,52.7389881],[0.1397387,52.7392885],[0.1404915,52.7396867],[0.1420617,52.7398957],[0.143673,52.7399781],[0.1441128,52.7390072],[0.1447426,52.7389518],[0.1475982,52.7394234],[0.148277,52.7386153],[0.1493922,52.73873],[0.1508155,52.7387231],[0.1516846,52.7385634],[0.1524863,52.7381182],[0.1632168,52.7390639],[0.1670318,52.7393701],[0.1689057,52.7395777],[0.1701662,52.739872],[0.1701389,52.7389347],[0.170594,52.7384337],[0.1720424,52.7378633],[0.1840786,52.7357028],[0.1863085,52.735329],[0.1885608,52.736387],[0.1922636,52.7383165],[0.1907993,52.7394549],[0.1936372,52.7389124],[0.1948673,52.7387773],[0.19633,52.741881],[0.1967493,52.7422347],[0.2002347,52.7439575],[0.2020236,52.744792],[0.2119628,52.7496286],[0.2168966,52.7528579],[0.2183161,52.7535839],[0.2239486,52.7558476],[0.2257237,52.7563943],[0.2278001,52.7571519],[0.2331485,52.760245],[0.241362,52.7630635],[0.2439379,52.7639805],[0.2471228,52.7646899],[0.2482616,52.7651304],[0.2516597,52.7670962],[0.2532683,52.7670126],[0.2543233,52.7672335],[0.2656842,52.7715703],[0.2665985,52.7717623],[0.2694593,52.7719513],[0.2710792,52.7723402],[0.2721935,52.7727855],[0.2698734,52.7738136],[0.2640075,52.7763138],[0.2573796,52.7792319],[0.2519992,52.7815128],[0.2450695,52.7845034],[0.2506738,52.7907406],[0.2503617,52.7908149],[0.2519831,52.7925428],[0.2534996,52.7931569],[0.2608902,52.7960356],[0.2531637,52.7973344],[0.262248,52.8036478],[0.2626899,52.8035864],[0.2640094,52.8054242],[0.2638564,52.8060205],[0.2664243,52.8112323],[0.2689587,52.8162433],[0.2708419,52.8200574],[0.2729954,52.8242061],[0.254767,52.8255088],[0.2510302,52.8257847],[0.2385096,52.8266537],[0.2249158,52.8277059],[0.2179192,52.8282141],[0.2180561,52.8294528],[0.2180926,52.8310714],[0.2178061,52.8325585],[0.2167514,52.8349654],[0.2144617,52.8371768],[0.2125866,52.8386108],[0.2106361,52.8403762],[0.2096408,52.8421786],[0.2094652,52.8441032],[0.210103,52.8459292],[0.2110596,52.8469274],[0.2137096,52.8482222],[0.221943,52.851012],[0.2261395,52.8523315],[0.2231224,52.8545261],[0.2224652,52.856111],[0.2237377,52.8566545],[0.2253474,52.8580081],[0.2257361,52.8587237],[0.2259554,52.8601654],[0.2258147,52.860667],[0.2248938,52.8615402],[0.2246544,52.8598517],[0.2243842,52.8589558],[0.2234608,52.8580659],[0.2221666,52.8575938],[0.2211791,52.8574828],[0.2203347,52.8570338],[0.2196529,52.8564225],[0.2190163,52.8564938],[0.218632,52.8569694],[0.218157,52.8593628],[0.2180939,52.860825],[0.216967,52.8628268],[0.2157172,52.8641542],[0.2148223,52.8657051],[0.2145677,52.8668135],[0.2143852,52.8736173],[0.2142102,52.8760407],[0.2137164,52.8781918],[0.2123612,52.8822028],[0.2110629,52.8848034],[0.2099444,52.8867689],[0.2080202,52.8886265],[0.2058651,52.8902333],[0.20371,52.8920443],[0.2018628,52.8943011],[0.200739,52.8964927],[0.1999847,52.8978113],[0.1997077,52.8990742],[0.1987841,52.899947],[0.1971216,52.9006991],[0.1954437,52.9010798],[0.1935041,52.900987],[0.1908564,52.9002627],[0.1897019,52.9004763],[0.1881779,52.9004299],[0.1842218,52.901052],[0.1823284,52.901182],[0.180789,52.9009963],[0.1804658,52.9004577],[0.1793113,52.9000027],[0.1788764,52.9006448],[0.1808121,52.9012483],[0.1817357,52.9013481],[0.185399,52.9013556],[0.1881928,52.901042],[0.1888419,52.9012821],[0.190963,52.9009032],[0.191624,52.9009623],[0.1939953,52.9014634],[0.1939347,52.9027059],[0.1940905,52.9030869],[0.1950423,52.903781],[0.1973745,52.9040719],[0.1985757,52.9044019],[0.199053,52.9047931],[0.1993101,52.9055387],[0.1991877,52.9064172],[0.1988082,52.9071184],[0.1980249,52.9076351],[0.197107,52.908019],[0.1928581,52.9088137],[0.1897858,52.909059],[0.1889895,52.9092364],[0.1842814,52.9108544],[0.1827622,52.9111878],[0.1802772,52.9115289],[0.1770337,52.9123629],[0.1732762,52.9136619],[0.1726643,52.9142524],[0.1727744,52.9150125],[0.1733986,52.9157063],[0.1741575,52.9160827],[0.1756017,52.9164665],[0.1781231,52.9173594],[0.1790655,52.918186],[0.1813654,52.9197686],[0.1823777,52.9202477],[0.1839669,52.9205102],[0.1850335,52.9210405],[0.1863834,52.9220852],[0.1869494,52.9223608],[0.1882229,52.9225118],[0.1903781,52.9223674],[0.1918258,52.9218752],[0.1934041,52.9220393],[0.1955593,52.9220065],[0.196724,52.921908],[0.1977472,52.9216193],[0.1992166,52.9206677],[0.1996738,52.9199195],[0.2000983,52.9186463],[0.2011541,52.9176881],[0.2009255,52.9171303],[0.1998371,52.9169662],[0.1989615,52.9161117],[0.1988846,52.9154248],[0.1992694,52.9145514],[0.2005625,52.9136472],[0.2021213,52.9116173],[0.2037322,52.9101469],[0.2042982,52.9098056],[0.2052452,52.9096218],[0.2063772,52.9096809],[0.2070412,52.9100944],[0.2071718,52.9110462],[0.2069324,52.911532],[0.2054629,52.9128054],[0.2043744,52.9141969],[0.2041894,52.9149517],[0.2041459,52.9168748],[0.2048928,52.9184708],[0.2052622,52.9189349],[0.2065245,52.9213666],[0.2065553,52.9224246],[0.2069247,52.9232598],[0.2066784,52.9270832],[0.2056317,52.9299227],[0.2048312,52.9312403],[0.2029224,52.9325208],[0.2015062,52.9328919],[0.1987046,52.9330775],[0.196515,52.9331122],[0.1934635,52.9330387],[0.1900226,52.9322424],[0.1790625,52.9288092],[0.1727511,52.9267677],[0.1709655,52.9258769],[0.1681946,52.9248189],[0.1640076,52.9224803],[0.1625606,52.921181],[0.1604363,52.9184151],[0.1598803,52.9161074],[0.1590606,52.915537],[0.158637,52.9144082],[0.1590382,52.913981],[0.1585313,52.9133887],[0.158978,52.912771],[0.1588453,52.9120155],[0.1594336,52.911255],[0.1586499,52.9105697],[0.1580752,52.9110657],[0.1576232,52.9110082],[0.1572562,52.9102075],[0.1575889,52.909511],[0.1565543,52.9097215],[0.155572,52.9096902],[0.1557062,52.9107106],[0.1555471,52.9124267],[0.1557687,52.9134877],[0.1559418,52.9167233],[0.1557687,52.9180697],[0.1559072,52.9192438],[0.1555177,52.920757],[0.1551282,52.9215867],[0.1542282,52.9221554],[0.1534319,52.9224424],[0.1519347,52.9227555],[0.1506884,52.922865],[0.1486286,52.9228859],[0.1482998,52.9227294],[0.145011,52.9224737],[0.1417655,52.9208927],[0.1405712,52.9201569],[0.1388143,52.9182158],[0.1374815,52.9169686],[0.1366074,52.9163423],[0.1344389,52.9151078],[0.1325541,52.9144694],[0.1309228,52.9141464],[0.1292351,52.9143552],[0.128162,52.9147622],[0.1276513,52.9153519],[0.1276513,52.9169906],[0.1296048,52.9203311],[0.1304584,52.9218947],[0.131497,52.922886],[0.1339029,52.9250044],[0.1369667,52.926674],[0.1377802,52.9269974],[0.142246,52.9284061],[0.1489792,52.9306702],[0.152493,52.9320579],[0.1578242,52.9340193],[0.1677424,52.937775],[0.1732467,52.9394441],[0.1783183,52.9410818],[0.1823573,52.9435748],[0.1873021,52.9469674],[0.1904354,52.9490471],[0.1964817,52.9514806],[0.2028707,52.9535601],[0.2085253,52.9548136],[0.2121726,52.9551823],[0.2177783,52.9555657],[0.2205444,52.9559049],[0.2216215,52.956362],[0.2232126,52.9574827],[0.2237512,52.9583823],[0.2238246,52.9593997],[0.2236837,52.9604736],[0.2226451,52.962319],[0.221054,52.9653901],[0.2186061,52.9677785],[0.2165499,52.969356],[0.2147139,52.9705796],[0.2116296,52.9718768],[0.2074437,52.9725549],[0.2026703,52.9729677],[0.1990719,52.9731003],[0.1959386,52.972835],[0.1935887,52.9722159],[0.1915594,52.9712106],[0.1882706,52.968542],[0.1867301,52.9669992],[0.18538,52.9654563],[0.1849126,52.963882],[0.185155,52.9633816],[0.1858473,52.9628707],[0.188461,52.9622035],[0.1895861,52.9615779],[0.1902958,52.9608897],[0.1899669,52.9604831],[0.1891015,52.960139],[0.1871628,52.9601808],[0.1823163,52.9611296],[0.1799795,52.9613381],[0.1762234,52.9613589],[0.1737482,52.9607646],[0.1734193,52.9595134],[0.1737136,52.9592215],[0.1754964,52.958648],[0.1762407,52.9580641],[0.1759119,52.9573342],[0.1726016,52.9562996],[0.1670575,52.9544554],[0.1649717,52.953642],[0.1580405,52.9498574],[0.1558217,52.9486912],[0.1511247,52.9455339],[0.1459083,52.9427746],[0.1421844,52.9405747],[0.1391635,52.9384222],[0.1357086,52.9347607],[0.1315659,52.9302231],[0.1300886,52.928749],[0.1274531,52.9265323],[0.1250428,52.9248244],[0.1201986,52.9215878],[0.1173279,52.9198167],[0.116944,52.9183374],[0.1160427,52.9169185],[0.1149085,52.915792],[0.1132001,52.9146956],[0.1123504,52.91429],[0.1091085,52.913032],[0.1050951,52.9120567],[0.1038536,52.9128576],[0.1056979,52.9135872],[0.1067744,52.9141559],[0.1083624,52.915486],[0.1089298,52.91611],[0.1091844,52.9167993],[0.1088047,52.9177252],[0.1079159,52.9183139],[0.1082664,52.9188473],[0.1103579,52.9199372],[0.1116513,52.9207523],[0.1153315,52.9227296],[0.1182648,52.9244341],[0.1213617,52.9262914],[0.1231142,52.9274636],[0.1252255,52.9291891],[0.1286804,52.9329315],[0.129398,52.9339275],[0.1306414,52.9362914],[0.1313006,52.9385286],[0.1309112,52.9396701],[0.1296675,52.9401721],[0.1285566,52.9402602],[0.1274944,52.9400895],[0.1231094,52.9386225],[0.1215739,52.9379285],[0.1169841,52.9353634],[0.1152984,52.9345084],[0.1132622,52.9337036],[0.1112427,52.9330799],[0.1089227,52.9327278],[0.1069199,52.9327177],[0.1048837,52.9328485],[0.102714,52.9332006],[0.1004108,52.9338042],[0.0985582,52.9342166],[0.0967556,52.9344581],[0.0940685,52.9345486],[0.0941186,52.9348001],[0.0955706,52.9348705],[0.0968558,52.9348101],[0.0995262,52.9343373],[0.102172,52.9336927],[0.1038951,52.9333797],[0.1063262,52.9331236],[0.1084977,52.9330667],[0.1093239,52.9331947],[0.1113529,52.9338533],[0.1134892,52.9347386],[0.1150748,52.9356439],[0.1187299,52.938038],[0.1232696,52.9403917],[0.1243211,52.9415182],[0.1239873,52.9418602],[0.1232696,52.9418401],[0.1170418,52.9409626],[0.1134541,52.9403936],[0.1113062,52.9399526],[0.1082142,52.9390991],[0.1029034,52.9379611],[0.1002834,52.9372356],[0.0981827,52.937193],[0.0964832,52.9369227],[0.0932968,52.9360976],[0.0882546,52.9351072],[0.0851372,52.933296],[0.0835476,52.9323006],[0.0750011,52.9267879],[0.067382,52.9219611],[0.0620848,52.918553],[0.0583611,52.9161927],[0.0425361,52.9059448],[0.0386569,52.9034859],[0.0359799,52.9019863],[0.033799,52.9008836],[0.0307851,52.8995812],[0.027138,52.8980837],[0.026813,52.8987041],[0.0303235,52.9000117],[0.032499,52.9009688],[0.0364426,52.9029098],[0.0402927,52.9052911],[0.0439023,52.9076718],[0.0467684,52.9095115],[0.0530798,52.9136274],[0.0550702,52.9149875],[0.0641333,52.9208443],[0.0645342,52.9212356],[0.0636575,52.9217571],[0.0664869,52.923445],[0.0671219,52.9244382],[0.0685193,52.9253201],[0.0707521,52.9261884],[0.0733077,52.9279527],[0.0757611,52.9295076],[0.0782598,52.9308854],[0.0812718,52.9333133],[0.0806748,52.934051],[0.0823039,52.934758],[0.0832665,52.9353111],[0.0886738,52.9378694],[0.0900428,52.9384226],[0.0934514,52.9394819],[0.0956932,52.9402345],[0.0965895,52.9406098],[0.0990844,52.9414217],[0.1028443,52.9429016],[0.1043985,52.9437075],[0.1055862,52.9444426],[0.1065429,52.9457213],[0.1075868,52.9461927],[0.1092611,52.9471656],[0.1117863,52.9484334],[0.1141326,52.9500882],[0.1160757,52.9511055],[0.1179193,52.9515456],[0.1194029,52.9521117],[0.1213227,52.953284],[0.1222143,52.9534344],[0.1260598,52.9548042],[0.1280008,52.9558268],[0.1298067,52.9569776],[0.1318805,52.9585471],[0.1345856,52.9604783],[0.1365437,52.9616578],[0.1385776,52.9630158],[0.140329,52.9645559],[0.1410044,52.9647253],[0.1416108,52.9653635],[0.1422653,52.9657113],[0.1431038,52.9671285],[0.1430871,52.967483],[0.1438559,52.9676994],[0.1446748,52.968179],[0.1448911,52.9687883],[0.14544,52.9690437],[0.1464644,52.9690108],[0.148338,52.970153],[0.1506711,52.9717309],[0.1526489,52.9728972],[0.1536058,52.9735991],[0.1543459,52.9744057],[0.1550213,52.9754957],[0.1551491,52.976121],[0.1567793,52.9771506],[0.1594413,52.9784104],[0.160985,52.9796429],[0.1618378,52.9805229],[0.1658407,52.9824019],[0.1664357,52.9821474],[0.1682165,52.9827245],[0.1690573,52.9833601],[0.1691671,52.9842123],[0.1705306,52.9858552],[0.1704279,52.986508],[0.1714548,52.9868147],[0.172397,52.9867975],[0.1762687,52.9873776],[0.1788725,52.9882245],[0.1831606,52.9903837],[0.1861347,52.993217],[0.1895557,52.9942113],[0.1908812,52.9950815],[0.1909853,52.9958124],[0.1920146,52.9961593],[0.1927849,52.9967142],[0.1952356,52.9961124],[0.1963717,52.9961814],[0.1966312,52.9963915],[0.1978174,52.9964514],[0.199454,52.9967502],[0.2006254,52.9975125],[0.2007461,52.9990657],[0.200997,53.0001319],[0.2013118,53.0023054],[0.2016148,53.003689],[0.2024972,53.0047461],[0.2038213,53.0051352],[0.2047908,53.005092],[0.2068124,53.0046302],[0.2086818,53.003004],[0.2100857,53.0013389],[0.2114254,53.0004014],[0.2124361,52.9999412],[0.2142515,52.99942],[0.2160486,52.9990673],[0.2184556,52.9987788],[0.223183,52.9984621],[0.2252059,52.9985609],[0.2303623,52.9992258],[0.2317642,52.9995034],[0.2329515,53.0000439],[0.2358758,53.001922],[0.2381788,53.0030512],[0.2418663,53.0050667],[0.2473846,53.0076868],[0.248442,53.008808],[0.2490509,53.0101264],[0.2503771,53.0125612],[0.2510976,53.0137298],[0.2518909,53.0143965],[0.2542725,53.0154244],[0.2572047,53.0176857],[0.2581485,53.017916],[0.2597753,53.0179148],[0.2615543,53.017636],[0.2631325,53.0174951],[0.2645817,53.0175229],[0.2664601,53.0178474],[0.2702981,53.0187304],[0.2712819,53.0190857],[0.2720934,53.0200957],[0.2722949,53.0211805],[0.2742077,53.0216639],[0.2744141,53.0224646],[0.2758478,53.0232126],[0.2778955,53.0233596],[0.2842103,53.0243737],[0.2876594,53.0248335],[0.2890511,53.0251971],[0.290788,53.0254228],[0.2926639,53.0260904],[0.2943588,53.0263504],[0.2969265,53.0263506],[0.2992243,53.0266077],[0.2997933,53.0268836],[0.3012125,53.0269718],[0.3027352,53.0273017],[0.3042075,53.0278972],[0.3065206,53.0291785],[0.3086254,53.0307616],[0.3099204,53.0321154],[0.3109838,53.0333619],[0.3122699,53.0347036],[0.3127182,53.0353334],[0.3129874,53.0361565],[0.3129523,53.0377139],[0.3131898,53.0386096],[0.3132223,53.0396587],[0.3121664,53.0403438],[0.3131426,53.0428177],[0.314426,53.0444352],[0.3151699,53.0457128],[0.3158058,53.0471858],[0.3164508,53.0494433],[0.3169211,53.0503057],[0.317438,53.0517825],[0.3179883,53.0524987],[0.3193293,53.0536727],[0.3200751,53.0547368],[0.3204079,53.0557269],[0.3203098,53.0561805],[0.3192314,53.0574248],[0.3203015,53.0581479],[0.3218734,53.0583442],[0.3237845,53.0595611],[0.3254852,53.0610281],[0.3272597,53.0627734],[0.3293078,53.0646205],[0.3308092,53.0661679],[0.3335523,53.0685732],[0.3336867,53.0690285],[0.3331072,53.0703182],[0.3329021,53.0721707],[0.3325707,53.0737812],[0.3328464,53.0760126],[0.3332339,53.0768258],[0.3345022,53.0783929],[0.335828,53.0806786],[0.3365692,53.0827007],[0.3367931,53.0855655],[0.3372446,53.0876137],[0.3389613,53.0914224],[0.3407359,53.0941625],[0.3422369,53.0967715],[0.3437608,53.0991009],[0.3442165,53.0996695],[0.3447981,53.1008179],[0.3455394,53.1018336],[0.3478026,53.1043147],[0.3493855,53.1063824],[0.3505536,53.1085539],[0.3518284,53.1115935],[0.3523732,53.114973],[0.352394,53.1160785],[0.3522323,53.1174612],[0.3515762,53.1207544],[0.3513946,53.1221543],[0.3512769,53.1240684],[0.3512541,53.1264812],[0.3513546,53.1297064],[0.3516117,53.1332427],[0.3515929,53.1364097],[0.3517912,53.1384166],[0.3517401,53.1393713],[0.3518969,53.1411052],[0.3514155,53.144426],[0.351409,53.1453673],[0.3512249,53.1462425],[0.3512036,53.1474457],[0.3513762,53.1490112],[0.3513445,53.1500228],[0.3515214,53.1521983],[0.3518627,53.1535288],[0.3529479,53.154663],[0.3534559,53.1550004],[0.3542601,53.1559484],[0.3545943,53.1569557],[0.3548067,53.1581004],[0.3546877,53.1587264],[0.3548475,53.1593136],[0.3555999,53.160354],[0.3559299,53.1617245],[0.3558486,53.1632987],[0.3559264,53.1654847],[0.3561581,53.1666649],[0.3558879,53.1682035],[0.3559554,53.1703905],[0.3562096,53.17137],[0.3567459,53.1717631],[0.3564657,53.1723018],[0.3572686,53.1726177],[0.357072,53.1737536],[0.3572309,53.1748779],[0.3570718,53.175906],[0.3574036,53.1770179],[0.3574626,53.1778745],[0.3572841,53.1787682],[0.3574722,53.1797966],[0.3577955,53.1802335],[0.357965,53.1814412],[0.3578305,53.1823448],[0.3574087,53.1836595],[0.3575697,53.1840025],[0.3572908,53.1860669],[0.3574627,53.186799],[0.3575169,53.1884406],[0.357368,53.1900655],[0.3570341,53.1916743],[0.3558156,53.1940235],[0.3555343,53.1950361],[0.3550409,53.1958676],[0.3549535,53.196648],[0.3540876,53.1991529],[0.354079,53.1994327],[0.3530656,53.2011601],[0.3525138,53.2024846],[0.3525419,53.2038453],[0.3523476,53.204589],[0.3514598,53.2059336],[0.3499253,53.2086608],[0.3483702,53.2110727],[0.347315,53.2130301],[0.3466548,53.2147631],[0.3460073,53.2158224],[0.3460625,53.216065],[0.3447208,53.2187608],[0.3440754,53.2196969],[0.343497,53.221065],[0.3433041,53.221922],[0.3432063,53.2232861],[0.3428242,53.224849],[0.3430502,53.2261339],[0.3430627,53.2279543],[0.3428193,53.2287916],[0.3430261,53.2297802],[0.3427526,53.2303969],[0.3424953,53.2323539],[0.3426881,53.2329211],[0.3422235,53.2342627],[0.3413251,53.2360884],[0.3405129,53.2385328],[0.3401575,53.2400395],[0.339629,53.2415603],[0.3389019,53.2431507],[0.3371949,53.2457115],[0.3360417,53.2471044],[0.3353068,53.2485007],[0.3351351,53.2491181],[0.334133,53.2508397],[0.3335785,53.2521632],[0.3325839,53.2532544],[0.3323636,53.2541641],[0.3318519,53.2546507],[0.3323233,53.2551593],[0.331963,53.2553426],[0.3317453,53.2566613],[0.3313992,53.2574089],[0.3303702,53.2585026],[0.3301528,53.259414],[0.3292153,53.2604546],[0.3286788,53.2612608],[0.3284699,53.2619697],[0.3277401,53.2628885],[0.3273957,53.2638365],[0.3265703,53.2649837],[0.3266119,53.2654729],[0.3273728,53.2654293],[0.3262637,53.2665739],[0.3256539,53.2676611],[0.3250755,53.2680841],[0.3242845,53.2697862],[0.3233796,53.2709089],[0.3231891,53.2714619],[0.3222309,53.27235],[0.322669,53.2725743],[0.3226951,53.2730548],[0.321496,53.274675],[0.3212386,53.2753786],[0.3203014,53.2760208],[0.3196835,53.2768528],[0.3196066,53.2775376],[0.3187828,53.2784734],[0.3184161,53.2786549],[0.317733,53.2798091],[0.3170983,53.2801667],[0.3162056,53.2813016],[0.3139587,53.283584],[0.3130693,53.2847269],[0.3113256,53.2865256],[0.3091406,53.288296],[0.3086754,53.2888507],[0.3075608,53.2896617],[0.3076042,53.2900771],[0.3067375,53.2903115],[0.3054932,53.2915008],[0.3041411,53.2930329],[0.3064731,53.2921714],[0.3048085,53.2937509],[0.3037036,53.2945769],[0.3033471,53.2951475],[0.3023276,53.2949416],[0.2995235,53.2978844],[0.2969951,53.3003795],[0.2954202,53.302244],[0.2940351,53.3035626],[0.2923711,53.3055618],[0.2912284,53.3072911],[0.2901881,53.3096181],[0.2885363,53.3118804],[0.2878331,53.3129917],[0.2874952,53.3138037],[0.2872202,53.3151738],[0.2866792,53.3159511],[0.2854583,53.3181925],[0.284089,53.3202443],[0.2831502,53.3219822],[0.2828913,53.3221661],[0.2818022,53.3241847],[0.2813638,53.3254805],[0.2797992,53.3272007],[0.2782894,53.3297551],[0.2775537,53.3304641],[0.2771271,53.331223],[0.2771048,53.3318473],[0.2767501,53.332577],[0.2752122,53.3336501],[0.2743815,53.3348905],[0.273562,53.3358618],[0.2731884,53.3365468],[0.2722557,53.3377343],[0.2699024,53.3411956],[0.26969,53.342541],[0.2688503,53.3446086],[0.2679185,53.34528],[0.2674506,53.345127],[0.2662929,53.3466118],[0.2663885,53.3469975],[0.2656049,53.3470672],[0.2644854,53.3487068],[0.265296,53.348241],[0.2657761,53.3474901],[0.2663402,53.3475037],[0.2647642,53.3498856],[0.2641038,53.3510318],[0.2622321,53.3537663],[0.2607849,53.3551837],[0.2614366,53.3556002],[0.2610548,53.3563636],[0.2596143,53.358536],[0.2581659,53.3605881],[0.2577826,53.3610126],[0.2562784,53.3622116],[0.255611,53.3629497],[0.2548499,53.3640772],[0.2539514,53.3651092],[0.2538801,53.3657803],[0.2556773,53.3632668],[0.2566031,53.3627242],[0.2553323,53.3643611],[0.2536685,53.3667535],[0.2523389,53.3677649],[0.252662,53.3683315],[0.2515329,53.3700943],[0.2508467,53.3709083],[0.2507705,53.3717162],[0.2501515,53.3728049],[0.2490553,53.3740843],[0.2489135,53.3746183],[0.2474905,53.3768865],[0.2469161,53.3786567],[0.2460204,53.3802631],[0.2464345,53.3804756],[0.2454312,53.3820112],[0.2448445,53.3824628],[0.2448491,53.3829778],[0.2433848,53.3855003],[0.2434199,53.3857396],[0.2428907,53.3869723],[0.2416398,53.3893244],[0.2397285,53.3935472],[0.2390165,53.3952396],[0.2388565,53.3960998],[0.2381905,53.3974491],[0.2374831,53.3983578],[0.2379535,53.3991528],[0.2372937,53.4006531],[0.2366399,53.4034182],[0.2358789,53.4043981],[0.2349818,53.4051071],[0.2344507,53.4059676],[0.2346041,53.4065113],[0.2346292,53.4078235],[0.2348467,53.4086142],[0.2346184,53.4093673],[0.2341955,53.4099102],[0.2319695,53.4115935],[0.2308407,53.4120488],[0.2295059,53.4129971],[0.2287202,53.41374],[0.2283199,53.4137106],[0.2275632,53.4148962],[0.2266303,53.4158468],[0.2264952,53.4153072],[0.2226815,53.4183568],[0.2218689,53.4190804],[0.2208474,53.4203868],[0.2199659,53.4221851],[0.2170665,53.4257606],[0.2164142,53.4270224],[0.2153761,53.4283632],[0.2144806,53.4291494],[0.2123567,53.4307738],[0.2105029,53.432038],[0.2092234,53.433288],[0.2067445,53.4360292],[0.204289,53.4394927],[0.2035007,53.4404369],[0.2032128,53.4410122],[0.2021155,53.4425922],[0.2008342,53.4441388],[0.1991992,53.4463905],[0.1982527,53.4474535],[0.1972753,53.4489405],[0.1967219,53.4495414],[0.1961951,53.4511226],[0.1954973,53.4523113],[0.1940883,53.4539906],[0.1933908,53.4546606],[0.1922082,53.4562349],[0.1911619,53.4578535],[0.1902929,53.4596414],[0.1882084,53.4622554],[0.1855248,53.4648254],[0.1852062,53.4653113],[0.1838224,53.4667346],[0.1825775,53.4678704],[0.1815693,53.4682484],[0.1813826,53.469016],[0.1803166,53.4698824],[0.1792933,53.4709664],[0.1786764,53.471455],[0.1780049,53.4726423],[0.1741343,53.4769257],[0.1720916,53.4789182],[0.1707324,53.4803382],[0.1704492,53.4809305],[0.169876,53.4810991],[0.1691063,53.4821712],[0.1685804,53.4826465],[0.1674497,53.4841189],[0.1674166,53.4847111],[0.1666925,53.4849067],[0.1651577,53.4861716],[0.1634407,53.4872932],[0.1621654,53.4888042],[0.160103,53.4905488],[0.1595527,53.4911107],[0.1577119,53.4922669],[0.1556189,53.4938015],[0.1535462,53.4949968],[0.1525534,53.4956647],[0.1496945,53.4973857],[0.1483266,53.4984531],[0.1472018,53.4990487],[0.1460985,53.4993562],[0.1451591,53.4992643],[0.1448381,53.4990283],[0.1465499,53.4981722],[0.1464252,53.4980621],[0.1446332,53.4983756],[0.1414507,53.49949],[0.1403585,53.4995689],[0.1382461,53.5002279],[0.1370416,53.5003825],[0.1349857,53.5009083],[0.1340065,53.5014365],[0.132063,53.5021301],[0.1304047,53.5020482],[0.127962,53.5023803],[0.1249542,53.503083],[0.1233582,53.5035545],[0.119001,53.5050496],[0.1140717,53.5069952],[0.1114916,53.5080612],[0.1099866,53.509065],[0.1088155,53.5102023],[0.1073333,53.5113036],[0.1070871,53.5119957],[0.1056139,53.5139177],[0.1048905,53.5143566],[0.1028015,53.5158803],[0.101607,53.5165837],[0.1010305,53.5163331],[0.099924,53.5168947],[0.098616,53.517715],[0.095957,53.5191588],[0.0954905,53.5192739],[0.0947578,53.5188849],[0.0927129,53.5199061],[0.0918004,53.5202771],[0.0903917,53.5205265],[0.0887124,53.5206449],[0.0859286,53.520725],[0.0848383,53.5208546],[0.0800344,53.5209023],[0.0783321,53.5211971],[0.0743636,53.5214863],[0.0716201,53.5218674],[0.0706688,53.5219127],[0.0690736,53.5214351],[0.0648354,53.5198712],[0.0641947,53.5202509],[0.0652597,53.5207782],[0.0673479,53.5215917],[0.0644048,53.5216246],[0.0626019,53.5215586],[0.0598604,53.5219852],[0.0579244,53.5221939],[0.0568537,53.5226996],[0.0559818,53.5229196],[0.0545583,53.5235868],[0.0526486,53.5243406],[0.0511186,53.5248353],[0.049376,53.5256446],[0.0472962,53.5262547],[0.0466784,53.5263336],[0.0452344,53.5268941],[0.0441235,53.5276054],[0.0433963,53.5277931],[0.0410575,53.5281351],[0.0393005,53.5286524],[0.0371795,53.5297601],[0.0361206,53.530207],[0.0343372,53.5315625],[0.0322814,53.5330296],[0.0313053,53.5341375],[0.0303056,53.5348782],[0.0253254,53.5310134],[0.0212531,53.5279439],[0.0188637,53.5260182],[0.0156502,53.5246547],[0.0138019,53.5239504],[0.0123617,53.5232627],[0.0115301,53.5224271],[0.0112468,53.521924],[0.0105214,53.521386],[0.0094303,53.5209306],[0.0083734,53.5206561],[0.0077353,53.5207532],[0.0059711,53.5198748],[0.0048752,53.519539],[-0.002034,53.5179618],[-0.0074152,53.5167895],[-0.0093946,53.5166516],[-0.0101862,53.5167556],[-0.0136265,53.5165665],[-0.0141747,53.5161333],[-0.0145205,53.5153848],[-0.0174211,53.5150581],[-0.0195428,53.5179467],[-0.0213581,53.5177385],[-0.0227069,53.5174084],[-0.023944,53.5166917],[-0.0248452,53.5170644],[-0.0262107,53.5172173],[-0.0274557,53.5170437],[-0.0286334,53.5173094],[-0.0300657,53.5169024],[-0.0325425,53.5164784],[-0.0332098,53.5161073],[-0.0331011,53.5153603],[-0.034469,53.5148407],[-0.0352043,53.5143035],[-0.0361324,53.5139987],[-0.036931,53.5140496],[-0.0380313,53.513869],[-0.0388154,53.5133829],[-0.0396848,53.5130744],[-0.0399808,53.5133615],[-0.0412835,53.5152654],[-0.0416296,53.5161997],[-0.0423643,53.5162621],[-0.0432019,53.5173312],[-0.0438557,53.5183659],[-0.0450209,53.5192021],[-0.0466086,53.5200704],[-0.0484568,53.519439],[-0.0499508,53.5194903],[-0.0509515,53.5198069],[-0.0548239,53.5198034],[-0.0561103,53.5195466],[-0.0566041,53.5198315],[-0.0576995,53.5195616],[-0.0582743,53.5199566],[-0.0605402,53.519721],[-0.063174,53.5190931],[-0.0649336,53.5187782],[-0.0668928,53.5170281],[-0.0676214,53.5159323],[-0.0674081,53.514388],[-0.0675748,53.5138414],[-0.0684098,53.5132894],[-0.0688469,53.5111398],[-0.069215,53.5099762],[-0.0700503,53.5078914],[-0.0707705,53.5052151],[-0.0715408,53.5032273],[-0.0717881,53.501899],[-0.0726557,53.4995261],[-0.073392,53.4970199],[-0.0733394,53.4955546],[-0.0738206,53.4944827],[-0.074872,53.4913739],[-0.075332,53.4897047],[-0.075258,53.4893079],[-0.0769818,53.4892224],[-0.0779887,53.4894912],[-0.0789488,53.489192],[-0.0795226,53.4887373],[-0.0807365,53.4883919],[-0.0812574,53.4879049],[-0.0821818,53.4877966],[-0.0826708,53.4881615],[-0.0831853,53.487738],[-0.0850211,53.487238],[-0.0848599,53.4870367],[-0.0874675,53.4858307],[-0.0899851,53.4852497],[-0.0917181,53.4858276],[-0.0940678,53.4861312],[-0.0954847,53.4859614],[-0.0941785,53.4844024],[-0.0921965,53.4828245],[-0.0936829,53.4821776],[-0.0932314,53.4814917],[-0.0941229,53.481238],[-0.0929623,53.4798296],[-0.0917648,53.4790122],[-0.0909889,53.4786717],[-0.0912154,53.4783247],[-0.0898003,53.4776548],[-0.0920765,53.4765998],[-0.0962049,53.4750628],[-0.0984437,53.4740286],[-0.1005871,53.4732366],[-0.1007325,53.4729836],[-0.1026584,53.4721691],[-0.105027,53.470985],[-0.1078612,53.4698666],[-0.1062851,53.4686496],[-0.1047902,53.4670338],[-0.1032782,53.4658716],[-0.1015631,53.4648052],[-0.0992699,53.4634975],[-0.0969081,53.4624117],[-0.0952165,53.4614678],[-0.09391,53.460503],[-0.0912735,53.4587654],[-0.0901561,53.458121],[-0.0887001,53.4570701],[-0.0857407,53.4554207],[-0.0843118,53.4543073],[-0.0829756,53.4527405],[-0.0822066,53.4511235],[-0.0834981,53.450737],[-0.0857268,53.4499034],[-0.0860695,53.4500186],[-0.0871467,53.4495063],[-0.0879448,53.4488718],[-0.088837,53.4477165],[-0.089812,53.4470956],[-0.0911914,53.4471293],[-0.0925905,53.4466905],[-0.0953129,53.4455158],[-0.0971987,53.4448303],[-0.1010447,53.4436787],[-0.110556,53.4399594],[-0.1120766,53.437923],[-0.1199072,53.4337907],[-0.1204642,53.4338597],[-0.1206101,53.4352608],[-0.1211181,53.4362019],[-0.1224548,53.4371606],[-0.1229602,53.4372755],[-0.1253623,53.4364017],[-0.1271955,53.435865],[-0.128422,53.4357727],[-0.129584,53.4358467],[-0.1306383,53.4357661],[-0.131877,53.4359122],[-0.1320566,53.4363124],[-0.1331126,53.4372252],[-0.1340222,53.439005],[-0.134308,53.4400424],[-0.1342456,53.4407112],[-0.1357097,53.4404563],[-0.1379157,53.4399342],[-0.139023,53.4414689],[-0.1413692,53.4411845],[-0.1444978,53.4408763],[-0.1465251,53.4436623],[-0.1467884,53.4435989],[-0.1475597,53.4446294],[-0.1486677,53.4467808],[-0.1492251,53.4466726],[-0.1502371,53.4489573],[-0.1506742,53.4489137],[-0.1514654,53.4505297],[-0.1525459,53.4522141],[-0.1519633,53.4523471],[-0.1542128,53.4553126],[-0.1546908,53.4558548],[-0.1550548,53.4571865],[-0.1564602,53.4574293],[-0.1569654,53.4591191],[-0.1579365,53.4605212],[-0.1585047,53.4615566],[-0.1574711,53.4612845],[-0.1568488,53.4609413],[-0.1560534,53.4617058],[-0.1568222,53.462355],[-0.1572067,53.4629021],[-0.1544578,53.4649094],[-0.1536769,53.4656507],[-0.1560644,53.4654151],[-0.1580412,53.465095],[-0.1592227,53.4668285],[-0.1594677,53.4679911],[-0.1663783,53.4668055],[-0.1669694,53.4676317],[-0.1675025,53.4676732],[-0.1687351,53.4673882],[-0.1698856,53.4675416],[-0.1723737,53.4676282],[-0.1751345,53.4678934],[-0.175431,53.4683573],[-0.1769768,53.4680033],[-0.1775189,53.4686435],[-0.1791299,53.4685629],[-0.1818016,53.4686225],[-0.1819515,53.4693116],[-0.1832727,53.4693497],[-0.182579,53.4707757],[-0.1822867,53.4716558],[-0.1824403,53.4758195],[-0.1827211,53.4763344],[-0.1851589,53.4771563],[-0.1843804,53.4792256],[-0.1847298,53.4794781],[-0.1858013,53.4796894],[-0.1877414,53.4803104],[-0.1878802,53.4808375],[-0.1870132,53.4816973],[-0.1872091,53.4825102],[-0.1885841,53.4829239],[-0.1889432,53.4837277],[-0.1887544,53.4845492],[-0.189347,53.4847568],[-0.1908378,53.4839721],[-0.1913355,53.4838583],[-0.1928441,53.4838604],[-0.1943303,53.4837507],[-0.1969255,53.4851393],[-0.1974608,53.485097],[-0.2000002,53.485743],[-0.2023928,53.4866205],[-0.2068806,53.4864604],[-0.2099271,53.4862715],[-0.2105546,53.486476],[-0.2094695,53.4890487],[-0.208652,53.4907778],[-0.2078556,53.493114],[-0.2078946,53.4935119],[-0.2075403,53.4949431],[-0.2064664,53.4967402],[-0.2057611,53.496664],[-0.2052622,53.4970188],[-0.2052957,53.498473],[-0.205981,53.5010957],[-0.2066437,53.5022221],[-0.2075045,53.5029039],[-0.2054727,53.5047432],[-0.2042884,53.5064685],[-0.2040354,53.5083858],[-0.2041074,53.5097516],[-0.2040821,53.5117406],[-0.2046195,53.5117289],[-0.2049346,53.5131576],[-0.2055197,53.5144807],[-0.2067371,53.5155462],[-0.2068503,53.5166878],[-0.2092758,53.519404],[-0.2090979,53.5194732],[-0.2100305,53.5206451],[-0.2108153,53.5213859],[-0.2113898,53.5216435],[-0.2115933,53.5223621],[-0.2127546,53.524662],[-0.2132384,53.5252823],[-0.2128547,53.5255094],[-0.2136196,53.5263326],[-0.2134787,53.5276367],[-0.2127372,53.5280481],[-0.2124846,53.5284219],[-0.2123636,53.5293253],[-0.2109757,53.5304678],[-0.2105851,53.5316801],[-0.2126037,53.5320069],[-0.2153687,53.5323485],[-0.2160134,53.5323392],[-0.2198781,53.5325802],[-0.2194268,53.5332288],[-0.2166007,53.5361003],[-0.216252,53.5360321],[-0.2152487,53.5375706],[-0.21422,53.5389198],[-0.2119425,53.5408959],[-0.2121392,53.5410283],[-0.2100616,53.5424095],[-0.2088873,53.543485],[-0.2086678,53.5442144],[-0.207856,53.5448899],[-0.2058684,53.5467776],[-0.2043254,53.5480705],[-0.2025765,53.5490898],[-0.202057,53.5495233],[-0.2027131,53.5498559],[-0.1994964,53.5527004],[-0.1982391,53.5540452],[-0.1964896,53.5556019],[-0.1948664,53.5574877],[-0.1937658,53.5584797],[-0.1927014,53.5591181],[-0.1920646,53.5596748],[-0.1923589,53.5598896],[-0.1898798,53.5609857],[-0.190513,53.5618556],[-0.1892245,53.5622226],[-0.1897433,53.5626962],[-0.1884798,53.5630429],[-0.1875248,53.5635867],[-0.1886697,53.565099],[-0.1896866,53.5662516],[-0.1909294,53.5673492],[-0.1916878,53.5684394],[-0.1937978,53.5702395],[-0.1947219,53.5712351],[-0.195373,53.5715857],[-0.1967753,53.5710009],[-0.1984918,53.570091],[-0.2001927,53.5709005],[-0.2007847,53.5703682],[-0.202937,53.5714308],[-0.2039,53.5712654],[-0.2046354,53.5715893],[-0.2062962,53.5702092],[-0.207512,53.5708144],[-0.2088433,53.570152],[-0.2094483,53.5695947],[-0.2103223,53.5697831],[-0.2107059,53.5694257],[-0.2130659,53.5700444],[-0.2140364,53.5696651],[-0.2145396,53.5697652],[-0.2158381,53.5692677],[-0.2174819,53.5684265],[-0.2198638,53.5694248],[-0.221743,53.5685124],[-0.2225546,53.5679914],[-0.2238555,53.569094],[-0.2242603,53.5697041],[-0.225001,53.5700846],[-0.2251754,53.5706076],[-0.2246163,53.5708304],[-0.2246185,53.5712844],[-0.2241304,53.5716502],[-0.2239674,53.5721521],[-0.2283344,53.5734718],[-0.2271507,53.5747254],[-0.2281346,53.5753252],[-0.2272407,53.5761111],[-0.2286375,53.5768438],[-0.2292775,53.5773962],[-0.2289816,53.5775716],[-0.2314726,53.5795574],[-0.2308383,53.5798438],[-0.2314435,53.5811949],[-0.2326431,53.5821682],[-0.2336382,53.5826504],[-0.2333936,53.5828652],[-0.2339745,53.5837871],[-0.2348907,53.5846411],[-0.2346972,53.5848235],[-0.2352307,53.5855451],[-0.2344201,53.5859638],[-0.2346645,53.5862254],[-0.2360409,53.5859688],[-0.2364522,53.5864324],[-0.2385262,53.5878581],[-0.2391597,53.5881372],[-0.2408453,53.5866211],[-0.242066,53.587022],[-0.2433229,53.5857505],[-0.2464446,53.5865424],[-0.2471812,53.5868148],[-0.2491745,53.5855217],[-0.2504727,53.5844493],[-0.2513914,53.5846282],[-0.2520763,53.5849816],[-0.2509337,53.5857613],[-0.24904,53.5868753],[-0.2509613,53.587984],[-0.2511449,53.5882581],[-0.2507913,53.5894279],[-0.2499516,53.5898579],[-0.2506359,53.5902643],[-0.2501659,53.5904858],[-0.2498164,53.5912286],[-0.2488663,53.5919536],[-0.2495741,53.5925222],[-0.2485306,53.5929816],[-0.2488978,53.5932],[-0.2484717,53.5936388],[-0.2497208,53.5939807],[-0.2507161,53.5938101],[-0.2544692,53.5924634],[-0.2557231,53.5935335],[-0.2593559,53.5969448],[-0.2615815,53.5957016],[-0.2631705,53.5966407],[-0.2682915,53.5993821],[-0.2695114,53.5985592],[-0.2698078,53.5985932],[-0.2707848,53.599535],[-0.27169,53.5998708],[-0.2737326,53.60122],[-0.275227,53.6023032],[-0.2770837,53.6028792],[-0.2785998,53.6034682],[-0.2789533,53.6034733],[-0.2808091,53.6040726],[-0.2830343,53.6044722],[-0.2829499,53.6051758],[-0.2811897,53.6062382],[-0.2854719,53.6092581],[-0.2855279,53.6094782],[-0.2870735,53.6117756],[-0.2904132,53.6106071],[-0.2922853,53.6135113],[-0.2944255,53.6130744],[-0.2982324,53.6125371],[-0.3009254,53.6163635],[-0.3044176,53.6148192],[-0.3043949,53.614444],[-0.3062949,53.6140358],[-0.3085503,53.6143042],[-0.3076941,53.611633],[-0.3068054,53.6095511],[-0.306036,53.6085307],[-0.3057548,53.6078525],[-0.3061399,53.6072583],[-0.3056171,53.6067628],[-0.3049375,53.605616],[-0.3050889,53.6047022],[-0.304813,53.6043072],[-0.3037971,53.6035584],[-0.3031265,53.6028693],[-0.3030744,53.6023588],[-0.3038332,53.6018671],[-0.3031605,53.601418],[-0.3037174,53.6010986],[-0.3040488,53.6005217],[-0.3027818,53.5985737],[-0.3028938,53.5984189],[-0.3014944,53.5968762],[-0.3007857,53.5956328],[-0.3008172,53.5951119],[-0.3033728,53.5944605],[-0.3046006,53.5937614],[-0.3034196,53.5907656],[-0.3065488,53.5902741],[-0.3082539,53.5901391],[-0.3108636,53.5901302],[-0.3103271,53.5883166],[-0.3109137,53.5882701],[-0.31079,53.5876966],[-0.3122929,53.5877061],[-0.3120892,53.5870911],[-0.3128706,53.5870472],[-0.3124379,53.5857341],[-0.3143909,53.5855549],[-0.3142819,53.583928],[-0.3156768,53.5837625],[-0.3154002,53.5831959],[-0.3169342,53.5826844],[-0.3162947,53.5822421],[-0.3181434,53.581299],[-0.3176171,53.5809339],[-0.3198925,53.5798538],[-0.3209424,53.5795468],[-0.3200104,53.5789377],[-0.321235,53.5781494],[-0.3220617,53.5772207],[-0.3236031,53.576018],[-0.3228285,53.5753257],[-0.3235494,53.5743991],[-0.3255363,53.5723153],[-0.3268041,53.5711114],[-0.3280209,53.5694007],[-0.3287792,53.568515],[-0.3298631,53.5663008],[-0.3304003,53.5662337],[-0.3331142,53.562576],[-0.3340791,53.5611924],[-0.3344596,53.5608454],[-0.3353938,53.5592789],[-0.3359352,53.5586024],[-0.3372914,53.5585538],[-0.3402848,53.55899],[-0.3437873,53.5591887],[-0.3448685,53.5593385],[-0.3486553,53.5594888],[-0.3474899,53.55867],[-0.3458518,53.5579345],[-0.3479308,53.556035],[-0.3493358,53.5557775],[-0.3504988,53.5559949],[-0.3563203,53.5560292],[-0.3598899,53.5578078],[-0.3627987,53.5586009],[-0.3669132,53.5589071],[-0.3683682,53.5589575],[-0.3687518,53.5593061],[-0.3698286,53.5590628],[-0.371415,53.5589154],[-0.3732289,53.5589383],[-0.3784635,53.5591703],[-0.3842371,53.5596035],[-0.3862118,53.5596068],[-0.3888259,53.5597868],[-0.3930884,53.5604959],[-0.3944356,53.5606047],[-0.3984215,53.5610879],[-0.4001039,53.5613962],[-0.4020222,53.561456],[-0.4052714,53.5618994],[-0.4088394,53.5620953],[-0.4131943,53.5628525],[-0.4169595,53.5631909],[-0.4196656,53.563749],[-0.4200029,53.5639359],[-0.4216768,53.5661838],[-0.4243242,53.5696283],[-0.4269494,53.5718104],[-0.4281895,53.5725791],[-0.4287362,53.5733945],[-0.4286675,53.574066],[-0.4289972,53.5745009],[-0.4318304,53.573649],[-0.4343172,53.5726865],[-0.4382394,53.570716],[-0.4390971,53.5704737],[-0.4399611,53.5696481],[-0.4403504,53.5687543],[-0.4419585,53.5676075],[-0.4426636,53.5660903],[-0.4439368,53.5652187],[-0.4450876,53.5638134],[-0.4466252,53.5628949],[-0.447516,53.5627321],[-0.4485283,53.5620521],[-0.4496318,53.5609841],[-0.4500195,53.5600848],[-0.4504186,53.5585834],[-0.4507727,53.5579426],[-0.4521779,53.5589451],[-0.4523796,53.5594178],[-0.4529582,53.5595323],[-0.4544167,53.5593651],[-0.4569053,53.5592668],[-0.4576545,53.5588441],[-0.4584781,53.5589887],[-0.4592027,53.5584497],[-0.4607324,53.5580675],[-0.4611279,53.5576528],[-0.4609021,53.5573002],[-0.462566,53.5562969],[-0.4629685,53.5558957],[-0.4643371,53.5558306],[-0.4646324,53.5560555],[-0.4656686,53.5559996],[-0.4665036,53.5553667],[-0.4671525,53.5536617],[-0.4671817,53.5514749],[-0.4667098,53.549707],[-0.4670153,53.5489369],[-0.4676875,53.5489662],[-0.4695763,53.5487423],[-0.4720894,53.548912],[-0.4730413,53.5488001],[-0.474856,53.5481158],[-0.4750633,53.5474721],[-0.4756444,53.5470948],[-0.4765284,53.5458889],[-0.4784766,53.5458984],[-0.4811001,53.5458041],[-0.4832677,53.5455844],[-0.483404,53.5453191],[-0.4871897,53.5456458],[-0.4909239,53.5458512],[-0.4911603,53.5450604],[-0.4918703,53.5439385],[-0.4940675,53.5417764],[-0.4963638,53.5402187],[-0.4971641,53.5398215],[-0.4989706,53.5392626],[-0.4997577,53.5388958],[-0.5009016,53.5380841],[-0.5012549,53.5374377],[-0.4991382,53.5375118],[-0.493804,53.537594],[-0.4907816,53.5378435],[-0.4862102,53.5379898],[-0.481364,53.5382214],[-0.4772223,53.5386658],[-0.4749688,53.5390174],[-0.4739274,53.5390634],[-0.4697111,53.5397754],[-0.4681049,53.5401666],[-0.463415,53.5408219],[-0.4588216,53.5417678],[-0.454176,53.5429385],[-0.4522855,53.5430903],[-0.4506769,53.5431243],[-0.4504849,53.5439614],[-0.4491322,53.5442207],[-0.4472233,53.5443784],[-0.4457978,53.5447276],[-0.4437559,53.5455883],[-0.4425843,53.5462157],[-0.4413146,53.5461848],[-0.4395802,53.5463941],[-0.4385495,53.5463079],[-0.4370405,53.5459313],[-0.4337249,53.5458403],[-0.4318997,53.5459754],[-0.4306616,53.5463134],[-0.4292978,53.5450738],[-0.4276838,53.5442346],[-0.4275337,53.5437643],[-0.4276935,53.5429142],[-0.4274832,53.5421932],[-0.4275138,53.5411643],[-0.42674,53.5398938],[-0.4231724,53.5362403],[-0.4219136,53.5344627],[-0.4182833,53.5347842],[-0.4148603,53.5358149],[-0.4130412,53.5355543],[-0.412347,53.5352332],[-0.4115488,53.5342266],[-0.4082539,53.532321],[-0.407914,53.5299991],[-0.4094867,53.5290959],[-0.4083116,53.5270001],[-0.407499,53.5260993],[-0.4066576,53.5248818],[-0.4061688,53.5244806],[-0.4058239,53.522217],[-0.4068601,53.5205327],[-0.4066687,53.5196842],[-0.4061771,53.5192786],[-0.4050852,53.5177061],[-0.4083119,53.5168511],[-0.4120953,53.5157849],[-0.4141485,53.5152872],[-0.4155275,53.5146672],[-0.4175705,53.5146844],[-0.4194676,53.5141629],[-0.4216879,53.5139936],[-0.4221965,53.5137019],[-0.4231778,53.5135108],[-0.4250115,53.5127043],[-0.4273186,53.5122241],[-0.428116,53.512195],[-0.4293473,53.5119316],[-0.430209,53.5119555],[-0.4318323,53.5116559],[-0.4355573,53.5113272],[-0.4378077,53.5108253],[-0.4390056,53.5108931],[-0.4417995,53.5100864],[-0.4423155,53.5097506],[-0.4441759,53.5093505],[-0.4468782,53.5091043],[-0.4475463,53.5091453],[-0.4487323,53.5087553],[-0.452366,53.5086864],[-0.454612,53.5088773],[-0.4577365,53.5095433],[-0.4584087,53.5095538],[-0.4599712,53.5098805],[-0.4615565,53.5099539],[-0.4631456,53.5099213],[-0.4671688,53.5096754],[-0.4691447,53.509289],[-0.4706869,53.509093],[-0.473013,53.5089439],[-0.4756132,53.5089753],[-0.4785618,53.5083701],[-0.4813167,53.5069426],[-0.483248,53.5063162],[-0.4859283,53.5056176],[-0.4873747,53.5053105],[-0.4883808,53.504836],[-0.4881775,53.504615],[-0.4864926,53.5045074],[-0.4854421,53.503819],[-0.4844221,53.5026141],[-0.4837849,53.5015389],[-0.4824006,53.5003627],[-0.4814056,53.4986331],[-0.481121,53.4979471],[-0.4810838,53.4968365],[-0.4806837,53.496221],[-0.4815159,53.4953767],[-0.4825674,53.4938349],[-0.4831805,53.4934247],[-0.4836043,53.4922776],[-0.4842383,53.4913661],[-0.4848351,53.4909457],[-0.4849087,53.4904451],[-0.4861871,53.4891282],[-0.4872788,53.4886485],[-0.4877815,53.4876516],[-0.487245,53.4873131],[-0.4874457,53.4860356],[-0.488529,53.4852384],[-0.4885872,53.4848742],[-0.4876865,53.4837985],[-0.4877772,53.4829429],[-0.4866273,53.4804455],[-0.4861575,53.4798831],[-0.4842775,53.4792319],[-0.4812958,53.4782888],[-0.4789846,53.477898],[-0.4783495,53.4775402],[-0.4766342,53.477299],[-0.4760216,53.4769874],[-0.4744759,53.4768508],[-0.4735606,53.476618],[-0.4724426,53.4756508],[-0.4718412,53.4753204],[-0.4717466,53.4748482],[-0.4782552,53.4734767],[-0.4835493,53.4723943],[-0.4886876,53.471573],[-0.4931025,53.4707137],[-0.5006799,53.469457],[-0.5028918,53.4688069],[-0.5053172,53.4681694],[-0.505287,53.467956],[-0.5089125,53.4675041],[-0.5087763,53.4677344],[-0.5118079,53.4678081],[-0.5126955,53.4677562],[-0.5185542,53.4664644],[-0.5196137,53.4661468],[-0.5221483,53.4656478],[-0.5240375,53.4650374],[-0.5254488,53.464697],[-0.5308369,53.4636586],[-0.5350387,53.4629425],[-0.5388183,53.4624962],[-0.5400584,53.4624871],[-0.5435835,53.4619503],[-0.5482065,53.461326],[-0.5517073,53.4607887],[-0.551786,53.4594952],[-0.5536915,53.4594032],[-0.5579772,53.4588527],[-0.5596246,53.4587297],[-0.5660501,53.4581004],[-0.5715886,53.4576885],[-0.5737667,53.4576354],[-0.5782438,53.45734],[-0.5809085,53.4572404],[-0.5843977,53.4568124],[-0.5887349,53.4567237],[-0.5922056,53.4566136],[-0.5951872,53.456583],[-0.5974444,53.4566896],[-0.5994774,53.4563772],[-0.6054637,53.4565263],[-0.6091104,53.4568835],[-0.6114364,53.4568647],[-0.6133999,53.4569261],[-0.6174345,53.4572596],[-0.6216704,53.4577967],[-0.6250614,53.4578223],[-0.6278984,53.458121],[-0.6297501,53.4581944],[-0.6297407,53.4584388],[-0.6279691,53.4599906],[-0.6271583,53.4603795],[-0.6267037,53.4612103],[-0.6266232,53.4618845],[-0.6271856,53.4628959],[-0.6290254,53.4650295],[-0.6303021,53.4658936],[-0.631749,53.4671831],[-0.6331065,53.4680688],[-0.6348042,53.4695274],[-0.6333441,53.4703781],[-0.6334693,53.47122],[-0.6347976,53.4723607],[-0.6341218,53.4726217],[-0.6344349,53.4730056],[-0.6325455,53.4738029],[-0.6335396,53.4749397],[-0.632596,53.4753748],[-0.6333735,53.4767806],[-0.6341278,53.4790527],[-0.6343343,53.4799881],[-0.6324084,53.4800829],[-0.6321744,53.4812668],[-0.6323526,53.4824294],[-0.632998,53.4838696],[-0.6340114,53.4854426],[-0.6301317,53.4859699],[-0.6305796,53.4870376],[-0.6312914,53.4882881],[-0.6284487,53.4887571],[-0.628641,53.4907414],[-0.6279998,53.4916932],[-0.6257239,53.4955566],[-0.6257687,53.4986485],[-0.6270334,53.5034579],[-0.6281906,53.5067989],[-0.6244885,53.5128151],[-0.6316934,53.5129787],[-0.6374109,53.5130646],[-0.6409225,53.5132278],[-0.6442495,53.5132242],[-0.6480199,53.5133613],[-0.6500566,53.5134805],[-0.6575583,53.5137573],[-0.6583475,53.5138363],[-0.6607666,53.5137402],[-0.6663292,53.5132873],[-0.6679393,53.5130644],[-0.6757039,53.5125016],[-0.6761257,53.5130007],[-0.6779302,53.5132652],[-0.6788807,53.5136892],[-0.6804016,53.5134219],[-0.6810795,53.5136415],[-0.6809852,53.5139578],[-0.6815163,53.5145336],[-0.6836433,53.514468],[-0.6845965,53.5140767],[-0.6856701,53.5148139],[-0.6856191,53.5152421],[-0.6864527,53.5159893],[-0.687352,53.516365],[-0.688474,53.5160771],[-0.6888797,53.5157346],[-0.6912801,53.516196],[-0.6924402,53.5159408],[-0.6932698,53.5161323],[-0.6954389,53.5162693],[-0.6979267,53.5159988],[-0.698173,53.5154927],[-0.6997545,53.5153616],[-0.7001629,53.515127],[-0.6999351,53.514586],[-0.7011713,53.5142076],[-0.7017407,53.5141814],[-0.7050673,53.5149824],[-0.7106984,53.5161381],[-0.7138841,53.5168224],[-0.7185601,53.5176043],[-0.7195149,53.5178527],[-0.7219265,53.5181554],[-0.7263532,53.5189136],[-0.729497,53.519348],[-0.7308553,53.5192716],[-0.7339748,53.519613],[-0.7373964,53.51974],[-0.7395889,53.5199123],[-0.7404952,53.5179371],[-0.7412644,53.5153923],[-0.7419511,53.5133402],[-0.7420605,53.5125979],[-0.7425981,53.5109964],[-0.7431432,53.5101562],[-0.7448671,53.50831],[-0.7465937,53.5068243],[-0.7484282,53.5051041],[-0.7493324,53.5041463],[-0.7508655,53.5018486],[-0.7519506,53.5006311],[-0.7528997,53.5001412],[-0.7538491,53.5000523],[-0.7562814,53.5002906],[-0.7577692,53.5005596],[-0.7611676,53.5008618],[-0.7637663,53.5007737],[-0.7651103,53.500544],[-0.7663068,53.5001482],[-0.7673494,53.4995459],[-0.7681068,53.498902],[-0.7684604,53.4982486],[-0.7685503,53.4970728],[-0.7683811,53.4957848],[-0.7683763,53.4947519],[-0.7688485,53.4939585],[-0.7702132,53.4931078],[-0.7731657,53.4915039],[-0.7746921,53.4904211],[-0.7753507,53.4896935],[-0.775641,53.4888749],[-0.7756325,53.4880199],[-0.7748296,53.4867505],[-0.7740564,53.4858626],[-0.7724016,53.4841907],[-0.7716581,53.4830091],[-0.7711713,53.4818104],[-0.7710268,53.480865],[-0.7712458,53.4797544],[-0.7715653,53.4791779],[-0.772282,53.4785192],[-0.7740273,53.4782468],[-0.7764025,53.4785453],[-0.777953,53.4785989],[-0.7790286,53.4785056],[-0.781687,53.4779682],[-0.7827942,53.4776092],[-0.783751,53.4771362],[-0.7846344,53.4763856],[-0.7850308,53.4757982],[-0.7854995,53.474424],[-0.7855257,53.4727155],[-0.7848162,53.4676447],[-0.7845258,53.4658943],[-0.7841311,53.4643639],[-0.7843823,53.4633229],[-0.7860341,53.4617612],[-0.7869786,53.4610723],[-0.7928339,53.4574389],[-0.7950369,53.4562297],[-0.7984616,53.4545778],[-0.8006521,53.4531067],[-0.8021315,53.4515907],[-0.8036261,53.4492587],[-0.8045723,53.4480582],[-0.8055379,53.4470242],[-0.8092819,53.4437662],[-0.8099036,53.4433931],[-0.8114485,53.4429554],[-0.8154886,53.4423375],[-0.8175955,53.4419359],[-0.8194995,53.4414684],[-0.8203422,53.4409365],[-0.8206513,53.4403777]]]},"properties":{"name":"Lincolnshire","osm_id":78312,"osm_type":"relation","class":"boundary","type":"administrative","admin_level":"6","display_name":"Lincolnshire, Greater Lincolnshire, England, United Kingdom","address":{"county":"Lincolnshire","ISO3166-2-lvl6":"GB-LIN","state_district":"Greater Lincolnshire","state":"England","ISO3166-2-lvl4":"GB-ENG","country":"United Kingdom","country_code":"gb"},"extratags":{"gns_uni":"6086876","ref:gss":"E10000019","wikidata":"Q21269047","ref:itl:2":"TLF3","ref:nuts:2":"UKF3","designation":"non_metropolitan_county","linked_place":"county","gns_classification":"ADM1","admin_level":"6"},"importance":0.24005632639047833,"source":"nominatim.openstreetmap.org/search","source_request_url":"https://nominatim.openstreetmap.org/search?q=Lincolnshire%2C+United+Kingdom&format=jsonv2&polygon_geojson=1&addressdetails=1&extratags=1&limit=5","fetched_at":"2026-09-16T20:05:00.802Z"}},{"type":"Feature","geometry":{"type":"Polygon","coordinates":[[[-0.9500054,53.513634],[-0.9458711,53.5129324],[-0.9369708,53.5114757],[-0.9320906,53.5106484],[-0.9357709,53.5027908],[-0.9355612,53.5024958],[-0.9272773,53.4960694],[-0.9131277,53.4849536],[-0.9094881,53.4821339],[-0.9042806,53.4779603],[-0.9004676,53.4751324],[-0.9011832,53.4743201],[-0.9021723,53.4737081],[-0.9046515,53.4728975],[-0.9094247,53.4708595],[-0.9120841,53.4699311],[-0.9191188,53.4662498],[-0.9204482,53.4652722],[-0.9206094,53.4647352],[-0.9184734,53.4626008],[-0.9179589,53.4618653],[-0.9169196,53.4612725],[-0.916439,53.4604088],[-0.9146847,53.4608339],[-0.9128954,53.4604538],[-0.9122032,53.4604604],[-0.9105916,53.460953],[-0.9095799,53.4610207],[-0.9052488,53.4608732],[-0.9030964,53.4610335],[-0.9012697,53.4609865],[-0.8994365,53.4612261],[-0.897244,53.4618118],[-0.8965852,53.4618709],[-0.8942838,53.4617468],[-0.8899768,53.4617901],[-0.8877405,53.4618874],[-0.8863518,53.4621192],[-0.8825306,53.4618227],[-0.8811044,53.4618294],[-0.8790523,53.4616237],[-0.8779891,53.4616458],[-0.8755389,53.4614368],[-0.8742886,53.4615902],[-0.8736509,53.461882],[-0.8720152,53.4662523],[-0.8716549,53.4662642],[-0.8546911,53.4640875],[-0.8438718,53.4627338],[-0.8405212,53.4622591],[-0.8295048,53.4608735],[-0.8177605,53.4594221],[-0.8140288,53.4585375],[-0.8109472,53.4580529],[-0.809642,53.4579779],[-0.8054368,53.4571754],[-0.8026979,53.4563498],[-0.8009826,53.4559164],[-0.7997926,53.4558182],[-0.7981118,53.455395],[-0.7974802,53.4550407],[-0.7950369,53.4562297],[-0.7928339,53.4574389],[-0.7869786,53.4610723],[-0.7860341,53.4617612],[-0.7843823,53.4633229],[-0.7841311,53.4643639],[-0.7845258,53.4658943],[-0.7848162,53.4676447],[-0.7855257,53.4727155],[-0.7854995,53.474424],[-0.7850308,53.4757982],[-0.7846344,53.4763856],[-0.783751,53.4771362],[-0.781687,53.4779682],[-0.7790286,53.4785056],[-0.7764025,53.4785453],[-0.7740273,53.4782468],[-0.772282,53.4785192],[-0.7712458,53.4797544],[-0.7710268,53.480865],[-0.7711713,53.4818104],[-0.7716581,53.4830091],[-0.7724016,53.4841907],[-0.7748296,53.4867505],[-0.7756325,53.4880199],[-0.775641,53.4888749],[-0.7753507,53.4896935],[-0.7746921,53.4904211],[-0.7731657,53.4915039],[-0.7702132,53.4931078],[-0.7688485,53.4939585],[-0.7683763,53.4947519],[-0.7685503,53.4970728],[-0.7684604,53.4982486],[-0.7681068,53.498902],[-0.7673494,53.4995459],[-0.7663068,53.5001482],[-0.7651103,53.500544],[-0.7637663,53.5007737],[-0.7611676,53.5008618],[-0.7577692,53.5005596],[-0.7562814,53.5002906],[-0.7538491,53.5000523],[-0.7528997,53.5001412],[-0.7519506,53.5006311],[-0.7508655,53.5018486],[-0.7493324,53.5041463],[-0.7465937,53.5068243],[-0.7448671,53.50831],[-0.7431432,53.5101562],[-0.7425981,53.5109964],[-0.7420605,53.5125979],[-0.7419511,53.5133402],[-0.7404952,53.5179371],[-0.7395889,53.5199123],[-0.7373964,53.51974],[-0.7339748,53.519613],[-0.7308553,53.5192716],[-0.729497,53.519348],[-0.7263532,53.5189136],[-0.7219265,53.5181554],[-0.7195149,53.5178527],[-0.7185601,53.5176043],[-0.7138841,53.5168224],[-0.7050673,53.5149824],[-0.7017407,53.5141814],[-0.6999351,53.514586],[-0.7001629,53.515127],[-0.6997545,53.5153616],[-0.698173,53.5154927],[-0.6979267,53.5159988],[-0.6954389,53.5162693],[-0.6932698,53.5161323],[-0.6924402,53.5159408],[-0.6912801,53.516196],[-0.6888797,53.5157346],[-0.688474,53.5160771],[-0.687352,53.516365],[-0.6864527,53.5159893],[-0.6856191,53.5152421],[-0.6856701,53.5148139],[-0.6845965,53.5140767],[-0.6836433,53.514468],[-0.6815163,53.5145336],[-0.6804016,53.5134219],[-0.6788807,53.5136892],[-0.6779302,53.5132652],[-0.6761257,53.5130007],[-0.6757039,53.5125016],[-0.6679393,53.5130644],[-0.6663292,53.5132873],[-0.6607666,53.5137402],[-0.6583475,53.5138363],[-0.6575583,53.5137573],[-0.6500566,53.5134805],[-0.6442495,53.5132242],[-0.6409225,53.5132278],[-0.6374109,53.5130646],[-0.6316934,53.5129787],[-0.6244885,53.5128151],[-0.6281906,53.5067989],[-0.6270334,53.5034579],[-0.6257687,53.4986485],[-0.6257239,53.4955566],[-0.6279998,53.4916932],[-0.628641,53.4907414],[-0.6284487,53.4887571],[-0.6312914,53.4882881],[-0.6301317,53.4859699],[-0.6340114,53.4854426],[-0.632998,53.4838696],[-0.6323526,53.4824294],[-0.6321744,53.4812668],[-0.6324084,53.4800829],[-0.6343343,53.4799881],[-0.6341278,53.4790527],[-0.6333735,53.4767806],[-0.632596,53.4753748],[-0.6335396,53.4749397],[-0.6325455,53.4738029],[-0.6344349,53.4730056],[-0.6341218,53.4726217],[-0.6347976,53.4723607],[-0.6334693,53.47122],[-0.6333441,53.4703781],[-0.6348042,53.4695274],[-0.6331065,53.4680688],[-0.631749,53.4671831],[-0.6303021,53.4658936],[-0.6290254,53.4650295],[-0.6271856,53.4628959],[-0.6266232,53.4618845],[-0.6267037,53.4612103],[-0.6271583,53.4603795],[-0.6279691,53.4599906],[-0.6297407,53.4584388],[-0.6297501,53.4581944],[-0.6278984,53.458121],[-0.6250614,53.4578223],[-0.6216704,53.4577967],[-0.6174345,53.4572596],[-0.6133999,53.4569261],[-0.6091104,53.4568835],[-0.6054637,53.4565263],[-0.5994774,53.4563772],[-0.5974444,53.4566896],[-0.5951872,53.456583],[-0.5922056,53.4566136],[-0.5843977,53.4568124],[-0.5809085,53.4572404],[-0.5782438,53.45734],[-0.5737667,53.4576354],[-0.5715886,53.4576885],[-0.5660501,53.4581004],[-0.5596246,53.4587297],[-0.5579772,53.4588527],[-0.5536915,53.4594032],[-0.551786,53.4594952],[-0.5517073,53.4607887],[-0.5482065,53.461326],[-0.5435835,53.4619503],[-0.5400584,53.4624871],[-0.5388183,53.4624962],[-0.5350387,53.4629425],[-0.5308369,53.4636586],[-0.5254488,53.464697],[-0.5240375,53.4650374],[-0.5221483,53.4656478],[-0.5196137,53.4661468],[-0.5185542,53.4664644],[-0.5126955,53.4677562],[-0.5118079,53.4678081],[-0.5087763,53.4677344],[-0.5089125,53.4675041],[-0.505287,53.467956],[-0.5053172,53.4681694],[-0.5006799,53.469457],[-0.4931025,53.4707137],[-0.4886876,53.471573],[-0.4835493,53.4723943],[-0.4782552,53.4734767],[-0.4717466,53.4748482],[-0.4718412,53.4753204],[-0.4724426,53.4756508],[-0.4735606,53.476618],[-0.4744759,53.4768508],[-0.4760216,53.4769874],[-0.4766342,53.477299],[-0.4783495,53.4775402],[-0.4789846,53.477898],[-0.4812958,53.4782888],[-0.4861575,53.4798831],[-0.4866273,53.4804455],[-0.4877772,53.4829429],[-0.4876865,53.4837985],[-0.4885872,53.4848742],[-0.488529,53.4852384],[-0.4874457,53.4860356],[-0.487245,53.4873131],[-0.4877815,53.4876516],[-0.4872788,53.4886485],[-0.4861871,53.4891282],[-0.4849087,53.4904451],[-0.4848351,53.4909457],[-0.4842383,53.4913661],[-0.4836043,53.4922776],[-0.4831805,53.4934247],[-0.4825674,53.4938349],[-0.4815159,53.4953767],[-0.4806837,53.496221],[-0.4810838,53.4968365],[-0.481121,53.4979471],[-0.4824006,53.5003627],[-0.4837849,53.5015389],[-0.4844221,53.5026141],[-0.4854421,53.503819],[-0.4864926,53.5045074],[-0.4881775,53.504615],[-0.4883808,53.504836],[-0.4873747,53.5053105],[-0.483248,53.5063162],[-0.4813167,53.5069426],[-0.4785618,53.5083701],[-0.4756132,53.5089753],[-0.473013,53.5089439],[-0.4706869,53.509093],[-0.4691447,53.509289],[-0.4671688,53.5096754],[-0.4631456,53.5099213],[-0.4599712,53.5098805],[-0.4577365,53.5095433],[-0.454612,53.5088773],[-0.452366,53.5086864],[-0.4487323,53.5087553],[-0.4475463,53.5091453],[-0.4468782,53.5091043],[-0.4441759,53.5093505],[-0.4423155,53.5097506],[-0.4417995,53.5100864],[-0.4390056,53.5108931],[-0.4378077,53.5108253],[-0.4355573,53.5113272],[-0.4318323,53.5116559],[-0.430209,53.5119555],[-0.4293473,53.5119316],[-0.4273186,53.5122241],[-0.4250115,53.5127043],[-0.4231778,53.5135108],[-0.4216879,53.5139936],[-0.4194676,53.5141629],[-0.4175705,53.5146844],[-0.4155275,53.5146672],[-0.4141485,53.5152872],[-0.4120953,53.5157849],[-0.4050852,53.5177061],[-0.4061771,53.5192786],[-0.4066687,53.5196842],[-0.4068601,53.5205327],[-0.4058239,53.522217],[-0.4061688,53.5244806],[-0.4066576,53.5248818],[-0.407499,53.5260993],[-0.4083116,53.5270001],[-0.4094867,53.5290959],[-0.407914,53.5299991],[-0.4082539,53.532321],[-0.4115488,53.5342266],[-0.412347,53.5352332],[-0.4130412,53.5355543],[-0.4148603,53.5358149],[-0.4182833,53.5347842],[-0.4219136,53.5344627],[-0.4231724,53.5362403],[-0.42674,53.5398938],[-0.4275138,53.5411643],[-0.4274832,53.5421932],[-0.4276935,53.5429142],[-0.4276838,53.5442346],[-0.4292978,53.5450738],[-0.4306616,53.5463134],[-0.4318997,53.5459754],[-0.4337249,53.5458403],[-0.4370405,53.5459313],[-0.4385495,53.5463079],[-0.4395802,53.5463941],[-0.4413146,53.5461848],[-0.4425843,53.5462157],[-0.4437559,53.5455883],[-0.4457978,53.5447276],[-0.4472233,53.5443784],[-0.4491322,53.5442207],[-0.4504849,53.5439614],[-0.4506769,53.5431243],[-0.454176,53.5429385],[-0.4588216,53.5417678],[-0.463415,53.5408219],[-0.4681049,53.5401666],[-0.4697111,53.5397754],[-0.4739274,53.5390634],[-0.4749688,53.5390174],[-0.4772223,53.5386658],[-0.481364,53.5382214],[-0.4862102,53.5379898],[-0.4907816,53.5378435],[-0.493804,53.537594],[-0.4991382,53.5375118],[-0.5012549,53.5374377],[-0.5009016,53.5380841],[-0.4997577,53.5388958],[-0.4989706,53.5392626],[-0.4971641,53.5398215],[-0.4963638,53.5402187],[-0.4940675,53.5417764],[-0.4918703,53.5439385],[-0.4911603,53.5450604],[-0.4909239,53.5458512],[-0.4871897,53.5456458],[-0.483404,53.5453191],[-0.4832677,53.5455844],[-0.4811001,53.5458041],[-0.4784766,53.5458984],[-0.4765284,53.5458889],[-0.4756444,53.5470948],[-0.4750633,53.5474721],[-0.474856,53.5481158],[-0.4730413,53.5488001],[-0.4720894,53.548912],[-0.4695763,53.5487423],[-0.4670153,53.5489369],[-0.4667098,53.549707],[-0.4671817,53.5514749],[-0.4671525,53.5536617],[-0.4665036,53.5553667],[-0.4656686,53.5559996],[-0.4643371,53.5558306],[-0.4629685,53.5558957],[-0.462566,53.5562969],[-0.4609021,53.5573002],[-0.4607324,53.5580675],[-0.4592027,53.5584497],[-0.4584781,53.5589887],[-0.4576545,53.5588441],[-0.4569053,53.5592668],[-0.4544167,53.5593651],[-0.4529582,53.5595323],[-0.4507727,53.5579426],[-0.4504186,53.5585834],[-0.4500195,53.5600848],[-0.4496318,53.5609841],[-0.4485283,53.5620521],[-0.447516,53.5627321],[-0.4466252,53.5628949],[-0.4450876,53.5638134],[-0.4439368,53.5652187],[-0.4426636,53.5660903],[-0.4419585,53.5676075],[-0.4403504,53.5687543],[-0.4399611,53.5696481],[-0.4390971,53.5704737],[-0.4382394,53.570716],[-0.4343172,53.5726865],[-0.4318304,53.573649],[-0.4289972,53.5745009],[-0.4286675,53.574066],[-0.4287362,53.5733945],[-0.4281895,53.5725791],[-0.4269494,53.5718104],[-0.4243242,53.5696283],[-0.4200029,53.5639359],[-0.4196656,53.563749],[-0.4169595,53.5631909],[-0.4131943,53.5628525],[-0.4088394,53.5620953],[-0.4052714,53.5618994],[-0.4020222,53.561456],[-0.4001039,53.5613962],[-0.3984215,53.5610879],[-0.3944356,53.5606047],[-0.3930884,53.5604959],[-0.3888259,53.5597868],[-0.3862118,53.5596068],[-0.3842371,53.5596035],[-0.3784635,53.5591703],[-0.3732289,53.5589383],[-0.371415,53.5589154],[-0.3698286,53.5590628],[-0.3687518,53.5593061],[-0.3683682,53.5589575],[-0.3669132,53.5589071],[-0.3627987,53.5586009],[-0.3598899,53.5578078],[-0.3563203,53.5560292],[-0.3504988,53.5559949],[-0.3493358,53.5557775],[-0.3479308,53.556035],[-0.3458518,53.5579345],[-0.3474899,53.55867],[-0.3486553,53.5594888],[-0.3448685,53.5593385],[-0.3437873,53.5591887],[-0.3402848,53.55899],[-0.3372914,53.5585538],[-0.3359352,53.5586024],[-0.3353938,53.5592789],[-0.3344596,53.5608454],[-0.3331142,53.562576],[-0.3304003,53.5662337],[-0.3298631,53.5663008],[-0.3287792,53.568515],[-0.3280209,53.5694007],[-0.3268041,53.5711114],[-0.3255363,53.5723153],[-0.3235494,53.5743991],[-0.3228285,53.5753257],[-0.3236031,53.576018],[-0.3220617,53.5772207],[-0.321235,53.5781494],[-0.3200104,53.5789377],[-0.3209424,53.5795468],[-0.3198925,53.5798538],[-0.3176171,53.5809339],[-0.3181434,53.581299],[-0.3162947,53.5822421],[-0.3169342,53.5826844],[-0.3154002,53.5831959],[-0.3156768,53.5837625],[-0.3142819,53.583928],[-0.3143909,53.5855549],[-0.3124379,53.5857341],[-0.3128706,53.5870472],[-0.3120892,53.5870911],[-0.3122929,53.5877061],[-0.31079,53.5876966],[-0.3103271,53.5883166],[-0.3108636,53.5901302],[-0.3082539,53.5901391],[-0.3065488,53.5902741],[-0.3034196,53.5907656],[-0.3046006,53.5937614],[-0.3033728,53.5944605],[-0.3008172,53.5951119],[-0.3007857,53.5956328],[-0.3014944,53.5968762],[-0.3028938,53.5984189],[-0.3027818,53.5985737],[-0.3040488,53.6005217],[-0.3031605,53.601418],[-0.3038332,53.6018671],[-0.3030744,53.6023588],[-0.3031265,53.6028693],[-0.3050889,53.6047022],[-0.3049375,53.605616],[-0.3056171,53.6067628],[-0.3061399,53.6072583],[-0.3057548,53.6078525],[-0.306036,53.6085307],[-0.3068054,53.6095511],[-0.3076941,53.611633],[-0.3085503,53.6143042],[-0.3062949,53.6140358],[-0.3043949,53.614444],[-0.3044176,53.6148192],[-0.3009254,53.6163635],[-0.2982324,53.6125371],[-0.2944255,53.6130744],[-0.2922853,53.6135113],[-0.2921102,53.6132427],[-0.2905007,53.61368],[-0.2887103,53.6138405],[-0.2872634,53.6148158],[-0.2864309,53.6151033],[-0.2848548,53.6159059],[-0.2824072,53.6164623],[-0.2826172,53.6168384],[-0.2800816,53.6173638],[-0.279237,53.6171647],[-0.2772412,53.6173895],[-0.2740486,53.6174145],[-0.2716045,53.6178791],[-0.2673599,53.6179336],[-0.2659653,53.6183899],[-0.2637155,53.6193497],[-0.2619636,53.6197054],[-0.2610785,53.6203092],[-0.25905,53.6204784],[-0.2579959,53.6207031],[-0.2550086,53.6211342],[-0.253476,53.6215937],[-0.2529871,53.6222653],[-0.2509531,53.6229682],[-0.2492705,53.6231414],[-0.2475778,53.6231579],[-0.2461668,53.623309],[-0.2435186,53.6232836],[-0.2416254,53.6235759],[-0.2409986,53.6232655],[-0.2379587,53.6236424],[-0.2383213,53.6243768],[-0.2380713,53.6245691],[-0.2359928,53.6245519],[-0.2335441,53.6238416],[-0.2326114,53.623978],[-0.2312822,53.6245939],[-0.2280656,53.6262597],[-0.2269412,53.6267132],[-0.2245552,53.6280011],[-0.2221555,53.6291098],[-0.2206783,53.6301801],[-0.2173961,53.6315516],[-0.2149406,53.6327546],[-0.2142013,53.632963],[-0.2106179,53.6348656],[-0.205682,53.6373357],[-0.2040627,53.6379955],[-0.2030335,53.6387226],[-0.2017293,53.6391543],[-0.2003438,53.6401154],[-0.202563,53.6419967],[-0.2032169,53.6422717],[-0.2047023,53.6418841],[-0.2060254,53.6426465],[-0.2087198,53.6444711],[-0.2102188,53.6460093],[-0.2112571,53.6468212],[-0.21219,53.647281],[-0.2120579,53.6485987],[-0.2121817,53.6496409],[-0.2131865,53.6499043],[-0.2178084,53.6519981],[-0.2201856,53.6525336],[-0.2215556,53.653225],[-0.2224151,53.6538356],[-0.224144,53.6563379],[-0.2250967,53.6570388],[-0.226924,53.6591829],[-0.2272898,53.6598445],[-0.2296341,53.6625509],[-0.2313442,53.6642922],[-0.2329501,53.6653999],[-0.2362637,53.6673023],[-0.2406765,53.6695816],[-0.2450208,53.6723964],[-0.2489053,53.6756919],[-0.2528934,53.679747],[-0.2545802,53.6817778],[-0.2553994,53.6829808],[-0.2579556,53.6862445],[-0.2597597,53.6890601],[-0.2603386,53.6897084],[-0.2605984,53.6903872],[-0.2617049,53.6915063],[-0.263455,53.6940613],[-0.2649813,53.6960628],[-0.2666821,53.6990908],[-0.2680811,53.7010267],[-0.2687879,53.7022603],[-0.2699659,53.7037894],[-0.2726125,53.7064165],[-0.2743771,53.7076501],[-0.2761622,53.7095348],[-0.2784616,53.7108506],[-0.2798845,53.7113295],[-0.2807639,53.7118383],[-0.2836649,53.7127114],[-0.2847559,53.7128987],[-0.2866782,53.7129514],[-0.2875389,53.7131381],[-0.2892873,53.7139299],[-0.2902255,53.7146723],[-0.2916067,53.7154768],[-0.2939809,53.7163862],[-0.2957567,53.716807],[-0.2979683,53.7168294],[-0.3038218,53.7162068],[-0.3087911,53.715975],[-0.309695,53.7158439],[-0.3149701,53.7153537],[-0.3190726,53.7148135],[-0.3221537,53.7144621],[-0.3233786,53.7142203],[-0.3256765,53.7139774],[-0.3271818,53.7136955],[-0.3325432,53.7130008],[-0.3369334,53.7120703],[-0.3416196,53.7112354],[-0.3446614,53.7105628],[-0.3468697,53.7100045],[-0.3491728,53.7093073],[-0.3539264,53.7081313],[-0.3578146,53.7072273],[-0.3593671,53.7069267],[-0.3655182,53.7059537],[-0.3747684,53.7048696],[-0.3797164,53.7039244],[-0.3837384,53.7032174],[-0.3858616,53.7029206],[-0.390297,53.7027717],[-0.3927493,53.7028595],[-0.3944617,53.702807],[-0.397813,53.7024797],[-0.4012268,53.702261],[-0.4033981,53.7023304],[-0.4074194,53.7019093],[-0.4087685,53.701565],[-0.4101796,53.7014611],[-0.411982,53.7009919],[-0.4137701,53.7006946],[-0.4178619,53.7003592],[-0.4210984,53.7002985],[-0.4230271,53.7001684],[-0.4275672,53.7000825],[-0.4290586,53.6999605],[-0.4293514,53.6995998],[-0.4308039,53.6994247],[-0.4316051,53.6995863],[-0.4324079,53.6993411],[-0.4332703,53.6994619],[-0.4337856,53.6991728],[-0.4351443,53.6994602],[-0.436032,53.6993083],[-0.4379697,53.6993472],[-0.4383687,53.6996414],[-0.4396267,53.6998441],[-0.441878,53.6999928],[-0.4429853,53.7002633],[-0.4432099,53.70099],[-0.4421602,53.7006566],[-0.4405173,53.7007518],[-0.438271,53.7018414],[-0.4353243,53.7022001],[-0.432325,53.7027657],[-0.4359058,53.7026831],[-0.4398993,53.7023512],[-0.4409335,53.7083526],[-0.4432057,53.7079413],[-0.4457489,53.7080821],[-0.4474041,53.7079796],[-0.4497308,53.7076645],[-0.4531544,53.7070571],[-0.4628569,53.7063504],[-0.4644957,53.7061971],[-0.4678676,53.7057539],[-0.4708274,53.705185],[-0.4754888,53.7039742],[-0.4804897,53.7024611],[-0.4867696,53.7001189],[-0.489087,53.6997032],[-0.4903459,53.6993631],[-0.491583,53.698825],[-0.4950006,53.6969479],[-0.4977529,53.6955838],[-0.4990991,53.6950397],[-0.5010788,53.694527],[-0.502772,53.6942034],[-0.5045724,53.6939864],[-0.5127097,53.6933146],[-0.5185558,53.692543],[-0.5212137,53.6922864],[-0.5230108,53.6922169],[-0.5284408,53.6926828],[-0.5330806,53.6926615],[-0.5342546,53.6926112],[-0.5382426,53.6926896],[-0.5402696,53.6928482],[-0.5431355,53.693364],[-0.5489823,53.6946692],[-0.5514801,53.6953664],[-0.5557868,53.6967209],[-0.5625573,53.6987682],[-0.5658654,53.7004663],[-0.5680187,53.7014251],[-0.5718179,53.7028116],[-0.574918,53.7040054],[-0.5775142,53.705274],[-0.5817877,53.7079405],[-0.5865952,53.711369],[-0.5886536,53.7129771],[-0.5934381,53.7170865],[-0.5948889,53.7181606],[-0.5982116,53.7201842],[-0.5996804,53.7209987],[-0.601466,53.721674],[-0.6068222,53.7227215],[-0.6114466,53.7237271],[-0.6133947,53.7240319],[-0.6178023,53.7244442],[-0.6196482,53.7244053],[-0.623395,53.7238452],[-0.6261912,53.7232921],[-0.6288756,53.7225858],[-0.6343863,53.7206181],[-0.6386272,53.7194322],[-0.6475829,53.7173763],[-0.6526941,53.7162465],[-0.6554782,53.7152827],[-0.6565554,53.7150035],[-0.6596178,53.7146243],[-0.661599,53.7142662],[-0.6624866,53.7139436],[-0.6639117,53.7131568],[-0.6676879,53.7108473],[-0.672086,53.7090319],[-0.6741757,53.708344],[-0.6814874,53.7050009],[-0.6849206,53.7035339],[-0.6890442,53.7016788],[-0.6906262,53.7011253],[-0.693301,53.7006476],[-0.6965252,53.7004768],[-0.6983628,53.6956114],[-0.6987384,53.6940883],[-0.6981374,53.6922148],[-0.6959599,53.6882333],[-0.6941325,53.6859689],[-0.7006166,53.683901],[-0.7014346,53.683695],[-0.7035869,53.6820959],[-0.7046803,53.6810021],[-0.7047572,53.6804699],[-0.7036205,53.6796701],[-0.7024497,53.6774678],[-0.7048919,53.677807],[-0.7066171,53.6774338],[-0.710175,53.6771836],[-0.7102823,53.6773897],[-0.7138362,53.6774153],[-0.7151693,53.6782854],[-0.7176875,53.6782189],[-0.7179903,53.6799641],[-0.7190933,53.6795418],[-0.7200061,53.6793951],[-0.721035,53.6794654],[-0.7220658,53.6792257],[-0.7231914,53.6784529],[-0.7235932,53.6779808],[-0.7235174,53.6773319],[-0.7228209,53.6767861],[-0.722714,53.6747139],[-0.723185,53.6737059],[-0.7274054,53.6735081],[-0.7305375,53.6734577],[-0.7434265,53.6703918],[-0.7466018,53.6695892],[-0.7462078,53.6688911],[-0.753297,53.6669139],[-0.7549276,53.6663834],[-0.7574097,53.6652047],[-0.7589727,53.6643436],[-0.7532374,53.6626759],[-0.7632367,53.6595697],[-0.7685747,53.6579915],[-0.7721242,53.6568648],[-0.7744939,53.6561861],[-0.7744647,53.6578721],[-0.772821,53.6590046],[-0.7715499,53.6596918],[-0.7708407,53.6603096],[-0.7700473,53.6613118],[-0.7699238,53.6619417],[-0.7721779,53.6640275],[-0.7743266,53.6632064],[-0.7768305,53.6621363],[-0.7782997,53.661416],[-0.7812127,53.6605855],[-0.7850714,53.6599649],[-0.7887377,53.6591868],[-0.793496,53.65726],[-0.7997835,53.6539533],[-0.8016092,53.6526439],[-0.8028867,53.6515043],[-0.8036312,53.6499513],[-0.8039709,53.6481578],[-0.8051192,53.6467104],[-0.8061476,53.6461886],[-0.8080391,53.6454721],[-0.8115961,53.6443821],[-0.813689,53.6436532],[-0.8141746,53.6433838],[-0.8149073,53.6436329],[-0.8165731,53.6448134],[-0.8190254,53.6448628],[-0.8200592,53.6451121],[-0.8208781,53.6438491],[-0.822417,53.6436701],[-0.8274852,53.6427203],[-0.8291476,53.643213],[-0.8296158,53.6418746],[-0.8329826,53.6410113],[-0.8335219,53.640764],[-0.8403148,53.6361414],[-0.8412115,53.6354841],[-0.8482586,53.6330136],[-0.8558418,53.6351286],[-0.8653331,53.6376854],[-0.8705047,53.6310467],[-0.8742079,53.6262322],[-0.876433,53.6231816],[-0.8791562,53.6197546],[-0.8814404,53.6167872],[-0.882929,53.6150312],[-0.8869914,53.6096641],[-0.8867175,53.6093335],[-0.8868927,53.6010034],[-0.8874095,53.6003691],[-0.89001,53.596111],[-0.8910561,53.5943032],[-0.8937369,53.5900665],[-0.8979224,53.5832566],[-0.8962338,53.5828958],[-0.8966118,53.581489],[-0.9011138,53.5687007],[-0.8909913,53.5665354],[-0.8917562,53.5653479],[-0.8938387,53.5657986],[-0.8943633,53.5654834],[-0.9001705,53.5558236],[-0.9002683,53.5555459],[-0.9005008,53.5496065],[-0.9012622,53.5478876],[-0.8998297,53.5444569],[-0.8955134,53.5419667],[-0.8925916,53.5381033],[-0.8923297,53.5373845],[-0.8973098,53.5329433],[-0.898065,53.5327381],[-0.9004327,53.5326025],[-0.9079363,53.5335765],[-0.908191,53.5336471],[-0.9252567,53.5325802],[-0.9343251,53.5300239],[-0.9437121,53.5306223],[-0.9454793,53.5287179],[-0.9465398,53.5273213],[-0.9460549,53.5271679],[-0.9484699,53.5203522],[-0.9479104,53.5196129],[-0.9479958,53.5192092],[-0.9496172,53.5148171],[-0.9500054,53.513634]]]},"properties":{"name":"North Lincolnshire","osm_id":107240,"osm_type":"relation","class":"boundary","type":"administrative","admin_level":"6","display_name":"North Lincolnshire, Lincolnshire, Greater Lincolnshire, England, United Kingdom","address":{"county":"North Lincolnshire","ISO3166-2-lvl6":"GB-LIN","state_district":"Greater Lincolnshire","state":"England","ISO3166-2-lvl4":"GB-ENG","country":"United Kingdom","country_code":"gb"},"extratags":{"note_2":"changed back to admin_level 6 as per wiki","borough":"yes","ref:gss":"E06000013","ons_code":"00FD","wikidata":"Q175945","wikipedia":"en:North Lincolnshire","is_borough":"yes","designation":"unitary_authority","council_name":"North Lincolnshire Council","council_style":"borough","admin_level":"6"},"importance":0.5037904951999769,"source":"nominatim.openstreetmap.org/search","source_request_url":"https://nominatim.openstreetmap.org/search?q=North+Lincolnshire%2C+United+Kingdom&format=jsonv2&polygon_geojson=1&addressdetails=1&extratags=1&limit=5","fetched_at":"2026-09-16T20:05:02.875Z"}},{"type":"Feature","geometry":{"type":"Polygon","coordinates":[[[-0.2921102,53.6132427],[-0.2904132,53.6106071],[-0.2870735,53.6117756],[-0.2855279,53.6094782],[-0.2854719,53.6092581],[-0.2811897,53.6062382],[-0.2829499,53.6051758],[-0.2830343,53.6044722],[-0.2808091,53.6040726],[-0.275227,53.6023032],[-0.2737326,53.60122],[-0.27169,53.5998708],[-0.2707848,53.599535],[-0.2698078,53.5985932],[-0.2695114,53.5985592],[-0.2682915,53.5993821],[-0.2631705,53.5966407],[-0.2615815,53.5957016],[-0.2593559,53.5969448],[-0.2557231,53.5935335],[-0.2544692,53.5924634],[-0.2507161,53.5938101],[-0.2497208,53.5939807],[-0.2484717,53.5936388],[-0.2485306,53.5929816],[-0.2495741,53.5925222],[-0.2488663,53.5919536],[-0.2498164,53.5912286],[-0.2501659,53.5904858],[-0.2499516,53.5898579],[-0.2507913,53.5894279],[-0.2511449,53.5882581],[-0.2509613,53.587984],[-0.24904,53.5868753],[-0.2509337,53.5857613],[-0.2520763,53.5849816],[-0.2513914,53.5846282],[-0.2504727,53.5844493],[-0.2491745,53.5855217],[-0.2471812,53.5868148],[-0.2464446,53.5865424],[-0.2433229,53.5857505],[-0.242066,53.587022],[-0.2408453,53.5866211],[-0.2391597,53.5881372],[-0.2385262,53.5878581],[-0.2364522,53.5864324],[-0.2360409,53.5859688],[-0.2346645,53.5862254],[-0.2344201,53.5859638],[-0.2352307,53.5855451],[-0.2346972,53.5848235],[-0.2348907,53.5846411],[-0.2339745,53.5837871],[-0.2333936,53.5828652],[-0.2336382,53.5826504],[-0.2326431,53.5821682],[-0.2314435,53.5811949],[-0.2308383,53.5798438],[-0.2314726,53.5795574],[-0.2289816,53.5775716],[-0.2286375,53.5768438],[-0.2272407,53.5761111],[-0.2281346,53.5753252],[-0.2271507,53.5747254],[-0.2283344,53.5734718],[-0.2239674,53.5721521],[-0.2246185,53.5712844],[-0.2246163,53.5708304],[-0.2251754,53.5706076],[-0.225001,53.5700846],[-0.2242603,53.5697041],[-0.2238555,53.569094],[-0.2225546,53.5679914],[-0.221743,53.5685124],[-0.2198638,53.5694248],[-0.2174819,53.5684265],[-0.2158381,53.5692677],[-0.2145396,53.5697652],[-0.2140364,53.5696651],[-0.2130659,53.5700444],[-0.2107059,53.5694257],[-0.2103223,53.5697831],[-0.2094483,53.5695947],[-0.2088433,53.570152],[-0.207512,53.5708144],[-0.2062962,53.5702092],[-0.2046354,53.5715893],[-0.2039,53.5712654],[-0.202937,53.5714308],[-0.2007847,53.5703682],[-0.2001927,53.5709005],[-0.1984918,53.570091],[-0.1967753,53.5710009],[-0.195373,53.5715857],[-0.1947219,53.5712351],[-0.1937978,53.5702395],[-0.1916878,53.5684394],[-0.1909294,53.5673492],[-0.1896866,53.5662516],[-0.1886697,53.565099],[-0.1875248,53.5635867],[-0.1884798,53.5630429],[-0.1897433,53.5626962],[-0.1892245,53.5622226],[-0.190513,53.5618556],[-0.1898798,53.5609857],[-0.1923589,53.5598896],[-0.1920646,53.5596748],[-0.1937658,53.5584797],[-0.1948664,53.5574877],[-0.1964896,53.5556019],[-0.1982391,53.5540452],[-0.1994964,53.5527004],[-0.2027131,53.5498559],[-0.202057,53.5495233],[-0.2025765,53.5490898],[-0.2043254,53.5480705],[-0.2058684,53.5467776],[-0.207856,53.5448899],[-0.2086678,53.5442144],[-0.2088873,53.543485],[-0.2100616,53.5424095],[-0.2121392,53.5410283],[-0.2119425,53.5408959],[-0.21422,53.5389198],[-0.2152487,53.5375706],[-0.216252,53.5360321],[-0.2166007,53.5361003],[-0.2194268,53.5332288],[-0.2198781,53.5325802],[-0.2160134,53.5323392],[-0.2153687,53.5323485],[-0.2126037,53.5320069],[-0.2105851,53.5316801],[-0.2109757,53.5304678],[-0.2123636,53.5293253],[-0.2124846,53.5284219],[-0.2134787,53.5276367],[-0.2136196,53.5263326],[-0.2128547,53.5255094],[-0.2132384,53.5252823],[-0.2127546,53.524662],[-0.2115933,53.5223621],[-0.2113898,53.5216435],[-0.2108153,53.5213859],[-0.2100305,53.5206451],[-0.2092758,53.519404],[-0.2068503,53.5166878],[-0.2067371,53.5155462],[-0.2055197,53.5144807],[-0.2049346,53.5131576],[-0.2046195,53.5117289],[-0.2040821,53.5117406],[-0.2040354,53.5083858],[-0.2042884,53.5064685],[-0.2054727,53.5047432],[-0.2075045,53.5029039],[-0.2066437,53.5022221],[-0.205981,53.5010957],[-0.2052957,53.498473],[-0.2052622,53.4970188],[-0.2057611,53.496664],[-0.2064664,53.4967402],[-0.2075403,53.4949431],[-0.2078946,53.4935119],[-0.2078556,53.493114],[-0.208652,53.4907778],[-0.2094695,53.4890487],[-0.2105546,53.486476],[-0.2099271,53.4862715],[-0.2068806,53.4864604],[-0.2023928,53.4866205],[-0.2000002,53.485743],[-0.1974608,53.485097],[-0.1969255,53.4851393],[-0.1943303,53.4837507],[-0.1908378,53.4839721],[-0.189347,53.4847568],[-0.1887544,53.4845492],[-0.1889432,53.4837277],[-0.1885841,53.4829239],[-0.1872091,53.4825102],[-0.1870132,53.4816973],[-0.1878802,53.4808375],[-0.1877414,53.4803104],[-0.1843804,53.4792256],[-0.1851589,53.4771563],[-0.1827211,53.4763344],[-0.1824403,53.4758195],[-0.1822867,53.4716558],[-0.182579,53.4707757],[-0.1832727,53.4693497],[-0.1819515,53.4693116],[-0.1818016,53.4686225],[-0.1791299,53.4685629],[-0.1775189,53.4686435],[-0.1769768,53.4680033],[-0.175431,53.4683573],[-0.1751345,53.4678934],[-0.1723737,53.4676282],[-0.1698856,53.4675416],[-0.1687351,53.4673882],[-0.1675025,53.4676732],[-0.1669694,53.4676317],[-0.1663783,53.4668055],[-0.1594677,53.4679911],[-0.1592227,53.4668285],[-0.1580412,53.465095],[-0.1560644,53.4654151],[-0.1536769,53.4656507],[-0.1544578,53.4649094],[-0.1572067,53.4629021],[-0.1560534,53.4617058],[-0.1568488,53.4609413],[-0.1585047,53.4615566],[-0.1579365,53.4605212],[-0.1569654,53.4591191],[-0.1564602,53.4574293],[-0.1550548,53.4571865],[-0.1546908,53.4558548],[-0.1542128,53.4553126],[-0.1519633,53.4523471],[-0.1525459,53.4522141],[-0.1514654,53.4505297],[-0.1506742,53.4489137],[-0.1502371,53.4489573],[-0.1492251,53.4466726],[-0.1486677,53.4467808],[-0.1475597,53.4446294],[-0.1467884,53.4435989],[-0.1465251,53.4436623],[-0.1444978,53.4408763],[-0.139023,53.4414689],[-0.1379157,53.4399342],[-0.1357097,53.4404563],[-0.1342456,53.4407112],[-0.134308,53.4400424],[-0.1340222,53.439005],[-0.1331126,53.4372252],[-0.1320566,53.4363124],[-0.131877,53.4359122],[-0.1306383,53.4357661],[-0.128422,53.4357727],[-0.1271955,53.435865],[-0.1253623,53.4364017],[-0.1229602,53.4372755],[-0.1224548,53.4371606],[-0.1211181,53.4362019],[-0.1206101,53.4352608],[-0.1204642,53.4338597],[-0.1199072,53.4337907],[-0.1120766,53.437923],[-0.110556,53.4399594],[-0.1010447,53.4436787],[-0.0971987,53.4448303],[-0.0953129,53.4455158],[-0.0925905,53.4466905],[-0.0911914,53.4471293],[-0.089812,53.4470956],[-0.088837,53.4477165],[-0.0879448,53.4488718],[-0.0871467,53.4495063],[-0.0860695,53.4500186],[-0.0857268,53.4499034],[-0.0834981,53.450737],[-0.0822066,53.4511235],[-0.0829756,53.4527405],[-0.0843118,53.4543073],[-0.0857407,53.4554207],[-0.0887001,53.4570701],[-0.0901561,53.458121],[-0.0912735,53.4587654],[-0.09391,53.460503],[-0.0952165,53.4614678],[-0.0969081,53.4624117],[-0.0992699,53.4634975],[-0.1015631,53.4648052],[-0.1032782,53.4658716],[-0.1047902,53.4670338],[-0.1062851,53.4686496],[-0.1078612,53.4698666],[-0.105027,53.470985],[-0.1026584,53.4721691],[-0.1007325,53.4729836],[-0.1005871,53.4732366],[-0.0984437,53.4740286],[-0.0962049,53.4750628],[-0.0920765,53.4765998],[-0.0898003,53.4776548],[-0.0912154,53.4783247],[-0.0909889,53.4786717],[-0.0917648,53.4790122],[-0.0929623,53.4798296],[-0.0941229,53.481238],[-0.0932314,53.4814917],[-0.0936829,53.4821776],[-0.0921965,53.4828245],[-0.0941785,53.4844024],[-0.0954847,53.4859614],[-0.0940678,53.4861312],[-0.0917181,53.4858276],[-0.0899851,53.4852497],[-0.0874675,53.4858307],[-0.0848599,53.4870367],[-0.0850211,53.487238],[-0.0831853,53.487738],[-0.0826708,53.4881615],[-0.0821818,53.4877966],[-0.0812574,53.4879049],[-0.0807365,53.4883919],[-0.0795226,53.4887373],[-0.0789488,53.489192],[-0.0779887,53.4894912],[-0.0769818,53.4892224],[-0.075258,53.4893079],[-0.075332,53.4897047],[-0.074872,53.4913739],[-0.0738206,53.4944827],[-0.0733394,53.4955546],[-0.073392,53.4970199],[-0.0726557,53.4995261],[-0.0717881,53.501899],[-0.0715408,53.5032273],[-0.0707705,53.5052151],[-0.0700503,53.5078914],[-0.069215,53.5099762],[-0.0688469,53.5111398],[-0.0684098,53.5132894],[-0.0675748,53.5138414],[-0.0674081,53.514388],[-0.0676214,53.5159323],[-0.0668928,53.5170281],[-0.0649336,53.5187782],[-0.063174,53.5190931],[-0.0605402,53.519721],[-0.0582743,53.5199566],[-0.0576995,53.5195616],[-0.0566041,53.5198315],[-0.0561103,53.5195466],[-0.0548239,53.5198034],[-0.0509515,53.5198069],[-0.0499508,53.5194903],[-0.0484568,53.519439],[-0.0466086,53.5200704],[-0.0450209,53.5192021],[-0.0438557,53.5183659],[-0.0423643,53.5162621],[-0.0416296,53.5161997],[-0.0412835,53.5152654],[-0.0396848,53.5130744],[-0.0380313,53.513869],[-0.036931,53.5140496],[-0.0361324,53.5139987],[-0.0352043,53.5143035],[-0.034469,53.5148407],[-0.0331011,53.5153603],[-0.0332098,53.5161073],[-0.0325425,53.5164784],[-0.0300657,53.5169024],[-0.0286334,53.5173094],[-0.0274557,53.5170437],[-0.0262107,53.5172173],[-0.0248452,53.5170644],[-0.023944,53.5166917],[-0.0227069,53.5174084],[-0.0213581,53.5177385],[-0.0195428,53.5179467],[-0.0174211,53.5150581],[-0.0145205,53.5153848],[-0.0141747,53.5161333],[-0.0136265,53.5165665],[-0.0101862,53.5167556],[-0.0093946,53.5166516],[-0.0074152,53.5167895],[-0.002034,53.5179618],[0.0048752,53.519539],[0.0059711,53.5198748],[0.0077353,53.5207532],[0.0083734,53.5206561],[0.0105214,53.521386],[0.0112468,53.521924],[0.0123617,53.5232627],[0.0138019,53.5239504],[0.0156502,53.5246547],[0.0188637,53.5260182],[0.0212531,53.5279439],[0.0253254,53.5310134],[0.0303056,53.5348782],[0.0296466,53.5351402],[0.0282548,53.5369601],[0.0240322,53.5397097],[0.0232982,53.5403011],[0.0211535,53.5422936],[0.0186455,53.5441027],[0.018218,53.5441122],[0.0175012,53.5450007],[0.0166335,53.5469728],[0.0158115,53.5479206],[0.014769,53.5488159],[0.0144828,53.5503021],[0.0130943,53.5505709],[0.0123132,53.5516062],[0.0104745,53.5519257],[0.0098706,53.5523062],[0.0075369,53.5530125],[-0.0025932,53.5567583],[-0.0045683,53.557426],[-0.0061204,53.5582592],[-0.0077406,53.5594144],[-0.0083754,53.5600435],[-0.0089451,53.5611902],[-0.0086217,53.5622549],[-0.0087991,53.5628387],[-0.0098667,53.5631515],[-0.0092744,53.5637792],[-0.0106386,53.5643476],[-0.0129722,53.5667932],[-0.0148011,53.5691456],[-0.0134796,53.5695401],[-0.0127649,53.5690476],[-0.0114823,53.5689844],[-0.0114637,53.5692691],[-0.0127164,53.5698554],[-0.012965,53.5704915],[-0.0138575,53.5709103],[-0.0141573,53.5702608],[-0.0165082,53.5714989],[-0.0179107,53.5719687],[-0.0185102,53.5724399],[-0.0221466,53.5728399],[-0.0246845,53.5734455],[-0.0276541,53.5740582],[-0.0302224,53.5744438],[-0.0306291,53.5744296],[-0.032202,53.5749866],[-0.0344886,53.5749864],[-0.0374098,53.5758658],[-0.0401965,53.5772642],[-0.0418514,53.5778451],[-0.0453831,53.5793479],[-0.0476923,53.580232],[-0.050345,53.5810377],[-0.0508646,53.5809626],[-0.0518612,53.5817804],[-0.0539785,53.5818934],[-0.0583191,53.5828832],[-0.0612395,53.5836951],[-0.062745,53.584008],[-0.0641421,53.5837834],[-0.0654328,53.5829467],[-0.0662833,53.5836077],[-0.0667566,53.5842608],[-0.0676269,53.5841256],[-0.0685424,53.58331],[-0.0697962,53.5832466],[-0.0704949,53.5835112],[-0.0710947,53.5841589],[-0.0699235,53.5843464],[-0.0690014,53.5854281],[-0.0702419,53.5856206],[-0.0715201,53.5855277],[-0.0762945,53.5860595],[-0.0801079,53.5866118],[-0.0831823,53.5871953],[-0.0859382,53.5877813],[-0.0898334,53.5888172],[-0.0918138,53.5894978],[-0.0962041,53.5912902],[-0.0995374,53.5924678],[-0.1005619,53.5929731],[-0.104444,53.5941117],[-0.105007,53.5944011],[-0.1085732,53.5956199],[-0.1110194,53.5965755],[-0.1126521,53.5973411],[-0.1132556,53.5973974],[-0.1152883,53.5981081],[-0.1174724,53.5991529],[-0.1195947,53.6000277],[-0.1235664,53.6014601],[-0.1308235,53.6042427],[-0.1356156,53.6062161],[-0.1364851,53.6065155],[-0.1376236,53.6073333],[-0.1382008,53.6075437],[-0.1390103,53.6082125],[-0.1406504,53.609039],[-0.1414831,53.6096282],[-0.1422325,53.6098789],[-0.1450827,53.6112069],[-0.148331,53.6128394],[-0.1517465,53.6149058],[-0.1523796,53.6155719],[-0.153403,53.6160947],[-0.1565844,53.6174373],[-0.1578239,53.6181378],[-0.1577677,53.6183167],[-0.1592856,53.6192939],[-0.1612824,53.6203836],[-0.1653749,53.6222794],[-0.1711047,53.6244014],[-0.1723932,53.6250989],[-0.1738948,53.6257295],[-0.1769957,53.627287],[-0.1786657,53.6283319],[-0.1805394,53.6297726],[-0.1821687,53.6305714],[-0.183781,53.6310975],[-0.1853089,53.6311593],[-0.1870397,53.6307909],[-0.1879693,53.6307997],[-0.1878004,53.6324151],[-0.1880581,53.6330016],[-0.1886951,53.6334202],[-0.1905655,53.6341398],[-0.1908647,53.6341111],[-0.1931549,53.6350248],[-0.195154,53.6364196],[-0.1971775,53.6371009],[-0.1984593,53.6376893],[-0.1998749,53.6385844],[-0.2002787,53.6386738],[-0.1996199,53.6394201],[-0.2003438,53.6401154],[-0.2017293,53.6391543],[-0.2030335,53.6387226],[-0.2040627,53.6379955],[-0.205682,53.6373357],[-0.2106179,53.6348656],[-0.2142013,53.632963],[-0.2149406,53.6327546],[-0.2173961,53.6315516],[-0.2206783,53.6301801],[-0.2221555,53.6291098],[-0.2245552,53.6280011],[-0.2269412,53.6267132],[-0.2280656,53.6262597],[-0.2303453,53.6250843],[-0.2309606,53.6250161],[-0.2312822,53.6245939],[-0.2326114,53.623978],[-0.2335441,53.6238416],[-0.2359928,53.6245519],[-0.2380713,53.6245691],[-0.2383213,53.6243768],[-0.2379587,53.6236424],[-0.2409986,53.6232655],[-0.2416254,53.6235759],[-0.2435186,53.6232836],[-0.2461668,53.623309],[-0.2475778,53.6231579],[-0.2492705,53.6231414],[-0.2509531,53.6229682],[-0.2529871,53.6222653],[-0.253476,53.6215937],[-0.2550086,53.6211342],[-0.2579959,53.6207031],[-0.25905,53.6204784],[-0.2610785,53.6203092],[-0.2619636,53.6197054],[-0.2637155,53.6193497],[-0.2659653,53.6183899],[-0.2673599,53.6179336],[-0.2682853,53.6178194],[-0.2692795,53.6179084],[-0.2716045,53.6178791],[-0.2740486,53.6174145],[-0.2772412,53.6173895],[-0.279237,53.6171647],[-0.2800816,53.6173638],[-0.2826172,53.6168384],[-0.2824072,53.6164623],[-0.2848548,53.6159059],[-0.2864309,53.6151033],[-0.2872634,53.6148158],[-0.2887103,53.6138405],[-0.2905007,53.61368],[-0.2921102,53.6132427]]]},"properties":{"name":"North East Lincolnshire","osm_id":69361,"osm_type":"relation","class":"boundary","type":"administrative","admin_level":"6","display_name":"North East Lincolnshire, Greater Lincolnshire, England, United Kingdom","address":{"county":"North East Lincolnshire","ISO3166-2-lvl6":"GB-NEL","state_district":"Greater Lincolnshire","state":"England","ISO3166-2-lvl4":"GB-ENG","country":"United Kingdom","country_code":"gb"},"extratags":{"borough":"yes","ref:gss":"E06000012","ons_code":"00FC","wikidata":"Q1342914","wikipedia":"en:North East Lincolnshire","designation":"unitary_authority","council_style":"borough","admin_level":"6"},"importance":0.48794775527748735,"source":"nominatim.openstreetmap.org/search","source_request_url":"https://nominatim.openstreetmap.org/search?q=North+East+Lincolnshire%2C+United+Kingdom&format=jsonv2&polygon_geojson=1&addressdetails=1&extratags=1&limit=5","fetched_at":"2026-09-16T20:05:04.160Z"}}]}
